0,0,
2.5e-10,0.00009174862551659946,
5e-10,0.00020041454765729782,
7.500000000000001e-10,0.00030170721348357486,
1e-9,0.0003892125017869721,
1.25e-9,0.0004627154709758557,
1.5e-9,0.0005239782807846691,
1.75e-9,0.0005752935162025902,
2e-9,0.000619055103455384,
2.2500000000000003e-9,0.000657715161204714,
2.5000000000000005e-9,0.0006938988293365577,
2.7500000000000006e-9,0.0007305958251576185,
3.000000000000001e-9,0.0007713930899046263,
3.250000000000001e-9,0.000820712260488486,
3.500000000000001e-9,0.0008839856978752949,
3.750000000000001e-9,0.0009676538531840064,
4.000000000000001e-9,0.0010788161316639096,
4.250000000000001e-9,0.0012243696422553545,
4.500000000000001e-9,0.0014096041224598073,
4.75e-9,0.0016365320241782156,
5e-9,0.0019025816449887388,
5.25e-9,0.0022003941651117576,
5.5e-9,0.0025190371569247,
5.749999999999999e-9,0.0028462191983987094,
5.999999999999999e-9,0.003170591964373722,
6.249999999999999e-9,0.0034833354454082443,
6.499999999999999e-9,0.0037787505916646925,
6.749999999999998e-9,0.004053982265676698,
6.999999999999998e-9,0.004308459948714544,
7.249999999999998e-9,0.0045430591002437164,
7.499999999999998e-9,0.004759498758341416,
7.749999999999998e-9,0.0049598542901353945,
7.999999999999999e-9,0.00514624451791403,
8.25e-9,0.0053206496827101,
8.5e-9,0.005484821092554982,
8.75e-9,0.005640249214625482,
9.000000000000001e-9,0.005788165871394885,
9.250000000000002e-9,0.0059295644495650415,
9.500000000000002e-9,0.006065228444708245,
9.750000000000003e-9,0.006195762709013938,
1.0000000000000004e-8,0.006321624389006782,
1.0250000000000004e-8,0.006443151619587134,
1.0500000000000005e-8,0.006560588886584482,
1.0750000000000005e-8,0.006674108500180893,
1.1000000000000006e-8,0.006783828109588402,
1.1250000000000006e-8,0.006889824551214389,
1.1500000000000007e-8,0.006992144532841894,
1.1750000000000008e-8,0.007090812728776006,
1.2000000000000008e-8,0.007185837837828995,
1.2250000000000009e-8,0.007277217082728089,
1.250000000000001e-8,0.007364939539902329,
1.275000000000001e-8,0.007448988602453102,
1.300000000000001e-8,0.0075293438054170785,
1.3250000000000011e-8,0.007605982183471588,
1.3500000000000012e-8,0.007678879285996223,
1.3750000000000012e-8,0.007748009940599117,
1.4000000000000013e-8,0.007813348831374752,
1.4250000000000013e-8,0.007874870940077707,
1.4500000000000014e-8,0.007932551885305627,
1.4750000000000015e-8,0.007986368185335664,
1.5000000000000015e-8,0.008036297463420626,
1.5250000000000014e-8,0.008082318609431805,
1.5500000000000013e-8,0.008124411908176617,
1.5750000000000012e-8,0.008162559140999155,
1.600000000000001e-8,0.008196743669977646,
1.625000000000001e-8,0.008226950503009207,
1.650000000000001e-8,0.008253166348697025,
1.6750000000000008e-8,0.008275379660651467,
1.7000000000000007e-8,0.00829358067377949,
1.7250000000000006e-8,0.008307761434023458,
1.7500000000000005e-8,0.008317915822689169,
1.7750000000000003e-8,0.008324039576257616,
1.8000000000000002e-8,0.00832613030237276,
1.825e-8,0.008324187492561265,
1.85e-8,0.008318212532119677,
1.875e-8,0.008308208707513618,
1.8999999999999998e-8,0.008294181211573878,
1.9249999999999997e-8,0.00827613714670836,
1.9499999999999996e-8,0.00825408552631414,
1.9749999999999995e-8,0.008228037274538268,
1.9999999999999994e-8,0.008198005224505724,
2.0249999999999993e-8,0.008164004115118492,
2.0499999999999992e-8,0.0081260505865043,
2.074999999999999e-8,0.008084163174188488,
2.099999999999999e-8,0.008038362302043902,
2.124999999999999e-8,0.007988670274069389,
2.1499999999999987e-8,0.007935111265041041,
2.1749999999999986e-8,0.00787771131007011,
2.1999999999999985e-8,0.007816498293101212,
2.2249999999999984e-8,0.007751501934378702,
2.2499999999999983e-8,0.00768275377690562,
2.2749999999999982e-8,0.007610287171919754,
2.299999999999998e-8,0.007534137263406502,
2.324999999999998e-8,0.0074543409716659095,
2.349999999999998e-8,0.007370936975956104,
2.3749999999999978e-8,0.0072839656962264965,
2.3999999999999977e-8,0.007193469273958174,
2.4249999999999976e-8,0.0070994915521263805,
2.4499999999999975e-8,0.007002078054303047,
2.4749999999999973e-8,0.006901275962909179,
2.4999999999999972e-8,0.006797134096637597,
2.524999999999997e-8,0.006689702887053625,
2.549999999999997e-8,0.006579034354396095,
2.574999999999997e-8,0.006465182082586885,
2.5999999999999968e-8,0.006348201193464875,
2.6249999999999967e-8,0.006228148320261146,
2.6499999999999966e-8,0.006105081580327947,
2.6749999999999965e-8,0.005979060547136073,
2.6999999999999964e-8,0.005850146221556491,
2.7249999999999963e-8,0.005718401002442556,
2.7499999999999962e-8,0.005583888656523644,
2.774999999999996e-8,0.005446674287632321,
2.799999999999996e-8,0.0053068243052750135,
2.824999999999996e-8,0.005164406392564895,
2.8499999999999957e-8,0.005019489473533272,
2.8749999999999956e-8,0.004872143679834857,
2.8999999999999955e-8,0.004722440316864376,
2.9249999999999954e-8,0.004570451829300798,
2.9499999999999953e-8,0.004416251766096869,
2.9749999999999952e-8,0.004259914744930705,
2.999999999999995e-8,0.0041015164161382145,
3.024999999999995e-8,0.003941133426142079,
3.049999999999995e-8,0.0037788433803965446,
3.074999999999995e-8,0.0036147248058662905,
3.099999999999995e-8,0.003448857113059275,
3.1249999999999946e-8,0.0032813205576266045,
3.1499999999999945e-8,0.003112196201555584,
3.1749999999999944e-8,0.0029415658739692058,
3.199999999999994e-8,0.0027695121315545615,
3.224999999999994e-8,0.0025961182186374733,
3.249999999999994e-8,0.0024214680269233446,
3.274999999999994e-8,0.00224564605492542,
3.299999999999994e-8,0.002068737367096877,
3.324999999999994e-8,0.0018908275526892883,
3.3499999999999936e-8,0.0017120026843579809,
3.3749999999999935e-8,0.0015323492765310657,
3.3999999999999934e-8,0.0013519542435659966,
3.424999999999993e-8,0.0011709048577102353,
3.449999999999993e-8,0.0009892887068928418,
3.474999999999993e-8,0.0008071936523573769,
3.499999999999993e-8,0.000624707786167436,
3.524999999999993e-8,0.0004419193885979095,
3.549999999999993e-8,0.0002589168854361401,
3.5749999999999926e-8,0.00007578880521209307,
3.5999999999999925e-8,-0.00010737626362087429,
3.6249999999999924e-8,-0.00029048971553289666,
3.649999999999992e-8,-0.0004734629707753831,
3.674999999999992e-8,-0.000656207518223505,
3.699999999999992e-8,-0.0008386349581861113,
3.724999999999992e-8,-0.001020657045162061,
3.749999999999992e-8,-0.0012021857305215132,
3.774999999999992e-8,-0.0013831332050908132,
3.799999999999992e-8,-0.0015634119416225655,
3.8249999999999916e-8,-0.0017429347371283655,
3.8499999999999915e-8,-0.0019216147550543553,
3.8749999999999914e-8,-0.0020993655672782202,
3.899999999999991e-8,-0.002276101195911712,
3.924999999999991e-8,-0.002451736154879762,
3.949999999999991e-8,-0.0026261854912661,
3.974999999999991e-8,-0.00279936482639811,
3.999999999999991e-8,-0.002971190396653133,
4.024999999999991e-8,-0.0031415790939692415,
4.0499999999999906e-8,-0.003310448506035432,
4.0749999999999905e-8,-0.0034777169561490758,
4.0999999999999904e-8,-0.003643303542710643,
4.12499999999999e-8,-0.003807128178349885,
4.14999999999999e-8,-0.003969111628654316,
4.17499999999999e-8,-0.0041291755504837165,
4.19999999999999e-8,-0.004287242529856209,
4.22499999999999e-8,-0.004443236119381575,
4.24999999999999e-8,-0.004597080875229272,
4.2749999999999896e-8,-0.004748702393606984,
4.2999999999999895e-8,-0.004898027346739415,
4.3249999999999894e-8,-0.0050449835183240845,
4.349999999999989e-8,-0.005189499838449953,
4.374999999999989e-8,-0.005331506417959126,
4.399999999999989e-8,-0.005470934582241505,
4.424999999999989e-8,-0.005607716904435691,
4.449999999999989e-8,-0.0057417872380313715,
4.474999999999989e-8,-0.005873080748846673,
4.499999999999989e-8,-0.006001533946376488,
4.5249999999999886e-8,-0.0061270847144851105,
4.5499999999999885e-8,-0.006249672341435691,
4.5749999999999884e-8,-0.006369237549241981,
4.599999999999988e-8,-0.006485722522322357,
4.624999999999988e-8,-0.006599070935449009,
4.649999999999988e-8,-0.006709227980975058,
4.674999999999988e-8,-0.006816140395326864,
4.699999999999988e-8,-0.006919756484750052,
4.724999999999988e-8,-0.007020026150295377,
4.7499999999999876e-8,-0.007116900912032274,
4.7749999999999875e-8,-0.007210333932480453,
4.7999999999999874e-8,-0.007300280039244921,
4.824999999999987e-8,-0.007386695746847756,
4.849999999999987e-8,-0.007469539277740494,
4.874999999999987e-8,-0.007548770582493772,
4.899999999999987e-8,-0.00762435135914794,
4.924999999999987e-8,-0.007696245071719432,
4.949999999999987e-8,-0.007764416967852223,
4.9749999999999866e-8,-0.007828834095608,
4.9999999999999865e-8,-0.007889465319382512,
5.0249999999999864e-8,-0.007946281334945285,
5.049999999999986e-8,-0.007999254683593542,
5.074999999999986e-8,-0.008048359765411638,
5.099999999999986e-8,-0.00809357285163199,
5.124999999999986e-8,-0.0081348720960925,
5.149999999999986e-8,-0.008172237545779342,
5.174999999999986e-8,-0.008205651150460083,
5.199999999999986e-8,-0.008235096771388504,
5.2249999999999856e-8,-0.008260560189092951,
5.2499999999999855e-8,-0.008282029110229095,
5.2749999999999854e-8,-0.008299493173507201,
5.299999999999985e-8,-0.008312943954679759,
5.324999999999985e-8,-0.00832237497059586,
5.349999999999985e-8,-0.008327781682314713,
5.374999999999985e-8,-0.008329161497278454,
5.399999999999985e-8,-0.008326513770546924,
5.424999999999985e-8,-0.008319839805085188,
5.4499999999999846e-8,-0.008309142851113654,
5.4749999999999845e-8,-0.008294428104513656,
5.4999999999999844e-8,-0.008275702704293448,
5.524999999999984e-8,-0.008252975729114313,
5.549999999999984e-8,-0.008226258192876153,
5.574999999999984e-8,-0.008195563039372553,
5.599999999999984e-8,-0.008160905136006515,
5.624999999999984e-8,-0.008122301266580248,
5.649999999999984e-8,-0.008079770123156079,
5.6749999999999836e-8,-0.008033332296995103,
5.6999999999999835e-8,-0.007983010268578852,
5.7249999999999834e-8,-0.007928828396713597,
5.749999999999983e-8,-0.0078708129067316,
5.774999999999983e-8,-0.007808991877785887,
5.799999999999983e-8,-0.007743395229248504,
5.824999999999983e-8,-0.007674054702083879,
5.849999999999983e-8,-0.0076010038649988836,
5.874999999999983e-8,-0.007524278048488027,
5.899999999999983e-8,-0.0074439143988155,
5.9249999999999826e-8,-0.007359951782800529,
5.9499999999999825e-8,-0.0072724308437698525,
5.974999999999983e-8,-0.007181393911534844,
5.999999999999984e-8,-0.007086885047843443,
6.024999999999984e-8,-0.0069889499633449485,
6.049999999999985e-8,-0.0068876360440777796,
6.074999999999985e-8,-0.006782992323118866,
6.099999999999986e-8,-0.006675069396922446,
6.124999999999986e-8,-0.006563919489674985,
6.149999999999987e-8,-0.006449596368706278,
6.174999999999987e-8,-0.006332155339620568,
6.199999999999988e-8,-0.006211653251005937,
6.224999999999989e-8,-0.006088021331517824,
6.249999999999989e-8,-0.005961775434260058,
6.27499999999999e-8,-0.005832403523422562,
6.29999999999999e-8,-0.005700182470982637,
6.324999999999991e-8,-0.005565352949319653,
6.349999999999991e-8,-0.005427735623627647,
6.374999999999992e-8,-0.005287508558240314,
6.399999999999992e-8,-0.005144731267379016,
6.424999999999993e-8,-0.004999469274174288,
6.449999999999994e-8,-0.004851791554397182,
6.474999999999994e-8,-0.004701769072774251,
6.499999999999995e-8,-0.004549474221383749,
6.524999999999995e-8,-0.004394980598940525,
6.549999999999996e-8,-0.004238362907179011,
6.574999999999996e-8,-0.00407969688626408,
6.599999999999997e-8,-0.003919059274537351,
6.624999999999997e-8,-0.0037565277610106976,
6.649999999999998e-8,-0.0035921809544250446,
6.674999999999999e-8,-0.003426098339062538,
6.699999999999999e-8,-0.0032583602379777153,
6.725e-8,-0.0030890477744549226,
6.75e-8,-0.0029182428324190796,
6.775000000000001e-8,-0.0027460280168327147,
6.800000000000001e-8,-0.0025724866137445722,
6.825000000000002e-8,-0.002397702550009528,
6.850000000000002e-8,-0.0022217603526969534,
6.875000000000003e-8,-0.002044745108210112,
6.900000000000004e-8,-0.0018667424211354013,
6.925000000000004e-8,-0.0016878383728403709,
6.950000000000005e-8,-0.0015081194798435024,
6.975000000000005e-8,-0.0013276726519739351,
7.000000000000006e-8,-0.0011465851503406844,
7.025000000000006e-8,-0.0009649445451324663,
7.050000000000007e-8,-0.0007828386732702346,
7.075000000000007e-8,-0.0006003555959287416,
7.100000000000008e-8,-0.0004175835559537115,
7.125000000000009e-8,-0.00023461093518843999,
7.150000000000009e-8,-0.00005152621173551525,
7.17500000000001e-8,0.0001315820828275988,
7.20000000000001e-8,0.00031462540625856587,
7.225000000000011e-8,0.0004975152484634668,
7.250000000000011e-8,0.0006801631742972558,
7.275000000000012e-8,0.0008624808663235698,
7.300000000000012e-8,0.0010443801675184812,
7.325000000000013e-8,0.0012257731238969735,
7.350000000000014e-8,0.0014065720270404738,
7.375000000000014e-8,0.001586689456502004,
7.400000000000015e-8,0.0017660383220766377,
7.425000000000015e-8,0.0019445319059082844,
7.450000000000016e-8,0.002122083904415012,
7.475000000000016e-8,0.0022986084700180294,
7.500000000000017e-8,0.0024740202526434365,
7.525000000000017e-8,0.0026482344409882717,
7.550000000000018e-8,0.002821166803522215,
7.575000000000019e-8,0.00299273372920966,
7.600000000000019e-8,0.0031628522679306363,
7.62500000000002e-8,0.0033314401705829104,
7.65000000000002e-8,0.0034984159288413254,
7.675000000000021e-8,0.003663698814563872,
7.700000000000021e-8,0.0038272089188141597,
7.725000000000022e-8,0.0039888671904904985,
7.750000000000022e-8,0.004148595474539786,
7.775000000000023e-8,0.0043063165497360095,
7.800000000000024e-8,0.004461954166007922,
7.825000000000024e-8,0.004615433081296745,
7.850000000000025e-8,0.004766679097924136,
7.875000000000025e-8,0.004915619098457238,
7.900000000000026e-8,0.005062181081050528,
7.925000000000026e-8,0.005206294194243869,
7.950000000000027e-8,0.005347888771211445,
7.975000000000027e-8,0.0054868963634292466,
8.000000000000028e-8,0.00562324977375884,
8.025000000000029e-8,0.0057568830889230425,
8.050000000000029e-8,0.005887731711361169,
8.07500000000003e-8,0.006015732390448248,
8.10000000000003e-8,0.00614082325305957,
8.125000000000031e-8,0.006262943833473802,
8.150000000000031e-8,0.0063820351025913056,
8.175000000000032e-8,0.006498039496459301,
8.200000000000032e-8,0.006610900944086651,
8.225000000000033e-8,0.0067205648945380765,
8.250000000000034e-8,0.0068269783432927285,
8.275000000000034e-8,0.006930089857854032,
8.300000000000035e-8,0.007029849602600274,
8.325000000000035e-8,0.007126209362861157,
8.350000000000036e-8,0.007219122568212624,
8.375000000000036e-8,0.007308544314973521,
8.400000000000037e-8,0.007394431387898957,
8.425000000000037e-8,0.007476742281055414,
8.450000000000038e-8,0.007555437217869522,
8.475000000000039e-8,0.007630478170340885,
8.500000000000039e-8,0.007701828877408474,
8.52500000000004e-8,0.007769454862463344,
8.55000000000004e-8,0.00783332344999759,
8.575000000000041e-8,0.007893403781383538,
8.600000000000041e-8,0.007949666829772701,
8.625000000000042e-8,0.008002085414110871,
8.650000000000042e-8,0.008050634212257974,
8.675000000000043e-8,0.008095289773213103,
8.700000000000043e-8,0.008136030528430042,
8.725000000000044e-8,0.008172836802226318,
8.750000000000045e-8,0.00820569082127488,
8.775000000000045e-8,0.008234576723177374,
8.800000000000046e-8,0.00825948056411185,
8.825000000000046e-8,0.008280390325555609,
8.850000000000047e-8,0.008297295920072644,
8.875000000000047e-8,0.008310189196172555,
8.900000000000048e-8,0.008319063942230118,
8.925000000000048e-8,0.008323915889468455,
8.950000000000049e-8,0.008324742714001378,
8.97500000000005e-8,0.008321544037938054,
9.00000000000005e-8,0.00831432142954479,
9.025000000000051e-8,0.008303078402466657,
9.050000000000051e-8,0.008287820414008175,
9.075000000000052e-8,0.00826855486247597,
9.100000000000052e-8,0.008245291083581624,
9.125000000000053e-8,0.008218040345907441,
9.150000000000053e-8,0.00818681584544093,
9.175000000000054e-8,0.008151632699173605,
9.200000000000055e-8,0.008112507937774821,
9.225000000000055e-8,0.008069460497337743,
9.250000000000056e-8,0.008022511210206563,
9.275000000000056e-8,0.007971682794885455,
9.300000000000057e-8,0.007916999845037017,
9.325000000000057e-8,0.007858488817574134,
9.350000000000058e-8,0.007796178019851007,
9.375000000000058e-8,0.0077300975959598605,
9.400000000000059e-8,0.007660279512140534,
9.42500000000006e-8,0.007586757541308684,
9.45000000000006e-8,0.007509567246710926,
9.475000000000061e-8,0.0074287459647162535,
9.500000000000061e-8,0.00734433278674777,
9.525000000000062e-8,0.007256368540368914,
9.550000000000062e-8,0.007164895769528987,
9.575000000000063e-8,0.007069958713980806,
9.600000000000063e-8,0.006971603287877279,
9.625000000000064e-8,0.006869877057559634,
9.650000000000065e-8,0.006764829218547732,
9.675000000000065e-8,0.006656510571742791,
9.700000000000066e-8,0.006544973498853972,
9.725000000000066e-8,0.006430271937061385,
9.750000000000067e-8,0.006312461352929003,
9.775000000000067e-8,0.006191598715575626,
9.800000000000068e-8,0.006067742469123054,
9.825000000000068e-8,0.005940952504429798,
9.850000000000069e-8,0.005811290130126321,
9.87500000000007e-8,0.005678818042965747,
9.90000000000007e-8,0.005543600297502764,
9.925000000000071e-8,0.005405702275118575,
9.950000000000071e-8,0.005265190652403834,
9.975000000000072e-8,0.005122133368914172,
1.0000000000000072e-7,0.004976599594320341,
1.0025000000000073e-7,0.004828659694958674,
1.0050000000000073e-7,0.004678385199808366,
1.0075000000000074e-7,0.004525848765903438,
1.0100000000000075e-7,0.004371124143203194,
1.0125000000000075e-7,0.004214286138931981,
1.0150000000000076e-7,0.004055410581410568,
1.0175000000000076e-7,0.003894574283393471,
1.0200000000000077e-7,0.003731855004930494,
1.0225000000000077e-7,0.00356733141577276,
1.0250000000000078e-7,0.0034010830573371373,
1.0275000000000078e-7,0.0032331903042517943,
1.0300000000000079e-7,0.0030637343254985,
1.032500000000008e-7,0.0028927970451717265,
1.035000000000008e-7,0.002720461102873756,
1.037500000000008e-7,0.002546809813763944,
1.0400000000000081e-7,0.0023719271282826027,
1.0425000000000082e-7,0.00219589759156718,
1.0450000000000082e-7,0.0020188063025833886,
1.0475000000000083e-7,0.0018407388729873933,
1.0500000000000083e-7,0.001661781385742861,
1.0525000000000084e-7,0.001482020353507863,
1.0550000000000085e-7,0.0013015426768178337,
1.0575000000000085e-7,0.0011204356020801532,
1.0600000000000086e-7,0.0009387866794010103,
1.0625000000000086e-7,0.0007566837202687543,
1.0650000000000087e-7,0.0005742147551096352,
1.0675000000000087e-7,0.0003914679907384265,
1.0700000000000088e-7,0.00020853176772522993,
1.0725000000000088e-7,0.000025494517698627396,
1.0750000000000089e-7,-0.00015755527939632214,
1.077500000000009e-7,-0.0003405291380616952,
1.080000000000009e-7,-0.000523338610010607,
1.082500000000009e-7,-0.0007058953269159138,
1.0850000000000091e-7,-0.0008881110431168995,
1.0875000000000092e-7,-0.0010698976782666269,
1.0900000000000092e-7,-0.0012511673598992153,
1.0925000000000093e-7,-0.0014318324658946257,
1.0950000000000093e-7,-0.0016118056668233465,
1.0975000000000094e-7,-0.0017909999681473424,
1.1000000000000095e-7,-0.001969328752258565,
1.1025000000000095e-7,-0.0021467058203355183,
1.1050000000000096e-7,-0.00232304543399443,
1.1075000000000096e-7,-0.0024982623567195387,
1.1100000000000097e-7,-0.002672271895046953,
1.1125000000000097e-7,-0.0028449899394874913,
1.1150000000000098e-7,-0.00301633300516469,
1.1175000000000098e-7,-0.003186218272149912,
1.1200000000000099e-7,-0.0033545636254755933,
1.12250000000001e-7,-0.003521287694805262,
1.12500000000001e-7,-0.0036863098937434673,
1.12750000000001e-7,-0.0038495504587640144,
1.1300000000000101e-7,-0.004010930487739601,
1.1325000000000102e-7,-0.004170371978053332,
1.1350000000000102e-7,-0.004327797864272827,
1.1375000000000103e-7,-0.004483132055369738,
1.1400000000000103e-7,-0.004636299471465567,
1.1425000000000104e-7,-0.004787226080086429,
1.1450000000000105e-7,-0.004935838931907817,
1.1475000000000105e-7,-0.005082066195973295,
1.1500000000000106e-7,-0.005225837194368533,
1.1525000000000106e-7,-0.005367082436333586,
1.1550000000000107e-7,-0.005505733651796476,
1.1575000000000107e-7,-0.005641723824312145,
1.1600000000000108e-7,-0.005774987223386928,
1.1625000000000108e-7,-0.0059054594361770945,
1.1650000000000109e-7,-0.006033077398539212,
1.167500000000011e-7,-0.006157779425420736,
1.170000000000011e-7,-0.006279505240571226,
1.172500000000011e-7,-0.0063981960055594774,
1.1750000000000111e-7,-0.006513794348079405,
1.1775000000000112e-7,-0.006626244389527986,
1.1800000000000112e-7,-0.006735491771838389,
1.1825000000000113e-7,-0.00684148368354955,
1.1850000000000113e-7,-0.006944168885095657,
1.1875000000000114e-7,-0.007043497733292472,
1.1900000000000114e-7,-0.007139422205003277,
1.1925000000000115e-7,-0.0072318959199561255,
1.1950000000000114e-7,-0.0073208741626888335,
1.1975000000000114e-7,-0.007406313903588073,
1.2000000000000113e-7,-0.007488173818985969,
1.2025000000000112e-7,-0.0075664143102682725,
1.205000000000011e-7,-0.007640997521935482,
1.207500000000011e-7,-0.007711887358545402,
1.210000000000011e-7,-0.007779049500439819,
1.212500000000011e-7,-0.007842451418129918,
1.2150000000000108e-7,-0.007902062385171035,
1.2175000000000107e-7,-0.00795785348929884,
1.2200000000000107e-7,-0.008009797641508595,
1.2225000000000106e-7,-0.008057869582646279,
1.2250000000000105e-7,-0.008102045886897771,
1.2275000000000104e-7,-0.008142304961316463,
1.2300000000000104e-7,-0.008178627040162407,
1.2325000000000103e-7,-0.008210994172276066,
1.2350000000000102e-7,-0.008239390198904531,
1.23750000000001e-7,-0.008263800718139777,
1.24000000000001e-7,-0.00828421303018633,
1.24250000000001e-7,-0.008300616054540964,
1.24500000000001e-7,-0.008313000204975942,
1.2475000000000098e-7,-0.008321357199244062,
1.2500000000000097e-7,-0.008325679764182681,
1.2525000000000097e-7,-0.008325703792458361,
1.2550000000000096e-7,-0.00832058542022431,
1.2575000000000095e-7,-0.008311408853660713,
1.2600000000000094e-7,-0.008298074645034794,
1.2625000000000094e-7,-0.0082801994914766,
1.2650000000000093e-7,-0.008257463412138646,
1.2675000000000092e-7,-0.008229420237105918,
1.270000000000009e-7,-0.008195267490851857,
1.272500000000009e-7,-0.008152682708619947,
1.275000000000009e-7,-0.008050028742521805,
1.277500000000009e-7,0.037220749716298095,
1.2800000000000088e-7,0.028376754327844256,
1.2825000000000087e-7,0.02242795433039219,
1.2850000000000087e-7,0.018099661959338754,
1.2875000000000086e-7,0.014780449342405919,
1.2900000000000085e-7,0.012171178664117889,
1.2925000000000084e-7,0.010102850095623742,
1.2950000000000084e-7,0.008465834656055559,
1.2975000000000083e-7,0.007180220772562344,
1.3000000000000082e-7,0.006182582986266943,
1.302500000000008e-7,0.0054186968122207635,
1.305000000000008e-7,0.004839521320271251,
1.307500000000008e-7,0.004399481989026182,
1.310000000000008e-7,0.0040567175490140986,
1.3125000000000078e-7,0.0037746026988685474,
1.3150000000000077e-7,0.0035237613692138516,
1.3175000000000077e-7,0.0032832633206650837,
1.3200000000000076e-7,0.0030406968505419622,
1.3225000000000075e-7,0.0027911037803506713,
1.3250000000000074e-7,0.0025350717174521514,
1.3275000000000074e-7,0.0022766425985436952,
1.3300000000000073e-7,0.00202143060157677,
1.3325000000000072e-7,0.0017751941150525516,
1.335000000000007e-7,0.001542917795178689,
1.337500000000007e-7,0.0013283429790946104,
1.340000000000007e-7,0.001133833600191734,
1.342500000000007e-7,0.000960460474536313,
1.3450000000000068e-7,0.0008082072371385072,
1.3475000000000067e-7,0.0006762255114774673,
1.3500000000000067e-7,0.0005630932635189182,
1.3525000000000066e-7,0.00046704575747780284,
1.3550000000000065e-7,0.0003861644023692963,
1.3575000000000064e-7,0.0003185186778540746,
1.3600000000000064e-7,0.0002622637242120459,
1.3625000000000063e-7,0.00021570039645544932,
1.3650000000000062e-7,0.0001773061953145828,
1.367500000000006e-7,0.00014574528912660847,
1.370000000000006e-7,0.00011986465126703633,
1.372500000000006e-7,0.00009868179684134986,
1.375000000000006e-7,0.00008136810480025116,
1.3775000000000058e-7,0.0000672304463065999,
1.3800000000000057e-7,0.00005569286090769962,
1.3825000000000057e-7,0.00004627931083593267,
1.3850000000000056e-7,0.00003859805332784098,
1.3875000000000055e-7,0.000032327848697391855,
1.3900000000000054e-7,0.00002720602118889527,
1.3925000000000054e-7,0.000023018272921968112,
1.3950000000000053e-7,0.000019590090455387654,
1.3975000000000052e-7,0.000016779558557041504,
1.400000000000005e-7,0.0000144713927676519,
1.402500000000005e-7,0.000012572012048543377,
1.405000000000005e-7,0.000011005487937537563,
1.407500000000005e-7,0.00000971023041139735,
1.4100000000000048e-7,0.000008636276991908617,
1.4125000000000047e-7,0.000007743090279563834,
1.4150000000000047e-7,0.000006997765575195415,
1.4175000000000046e-7,0.000006373577190569257,
1.4200000000000045e-7,0.000005848800620150743,
1.4225000000000044e-7,0.000005405759208533451,
1.4250000000000044e-7,0.000005030053139974608,
1.4275000000000043e-7,0.000004709936235774928,
1.4300000000000042e-7,0.000004435812405162874,
1.432500000000004e-7,0.000004199828853425413,
1.435000000000004e-7,0.000003995547461368578,
1.437500000000004e-7,0.000003817679269550168,
1.440000000000004e-7,0.0000036618698893833307,
1.4425000000000038e-7,0.000003524525993973838,
1.4450000000000037e-7,0.000003402674940054076,
1.4475000000000037e-7,0.000003293851114772435,
1.4500000000000036e-7,0.0000031960038386719056,
1.4525000000000035e-7,0.0000031074226588061487,
1.4550000000000034e-7,0.0000030266766836555764,
1.4575000000000034e-7,0.0000029525652538686585,
1.4600000000000033e-7,0.000002884077779699361,
1.4625000000000032e-7,0.0000028203609795608097,
1.465000000000003e-7,0.0000027606921258482622,
1.467500000000003e-7,0.0000027044571463217754,
1.470000000000003e-7,0.0000026511326684486833,
1.472500000000003e-7,0.000002600271266248264,
1.4750000000000028e-7,0.0000025514893101583088,
1.4775000000000027e-7,0.0000025044569390353544,
1.4800000000000027e-7,0.0000024588897623606613,
1.4825000000000026e-7,0.0000024145419767911852,
1.4850000000000025e-7,0.000002371200640121767,
1.4875000000000024e-7,0.000002328680895021589,
1.4900000000000024e-7,0.00000228682197443691,
1.4925000000000023e-7,0.00000224548384841372,
1.4950000000000022e-7,0.000002204544404726,
1.497500000000002e-7,0.0000021638970653859764,
1.500000000000002e-7,0.0000021234487724174235,
1.502500000000002e-7,0.000002083118272394684,
1.505000000000002e-7,0.000002042834657152469,
1.5075000000000018e-7,0.000002002536115968584,
1.5100000000000017e-7,0.0000019621688621551256,
1.5125000000000017e-7,0.000001921686214105209,
1.5150000000000016e-7,0.0000018810477969135903,
1.5175000000000015e-7,0.0000018402188536301231,
1.5200000000000014e-7,0.0000017991696471046994,
1.5225000000000014e-7,0.0000017578749351117757,
1.5250000000000013e-7,0.0000017163135164938766,
1.5275000000000012e-7,0.0000016744678282280727,
1.530000000000001e-7,0.0000016323235938757632,
1.532500000000001e-7,0.0000015898695126599477,
1.535000000000001e-7,0.0000015470969816229884,
1.537500000000001e-7,0.0000015039998551549654,
1.5400000000000008e-7,0.0000014605742248738845,
1.5425000000000007e-7,0.0000014168182242431567,
1.5450000000000007e-7,0.0000013727318571899684,
1.5475000000000006e-7,0.0000013283168407269651,
1.5500000000000005e-7,0.0000012835764638025768,
1.5525000000000004e-7,0.0000012385154616985758,
1.5550000000000004e-7,0.0000011931399002385496,
1.5575000000000003e-7,0.0000011474570706352592,
1.5600000000000002e-7,0.0000011014753975934607,
1.5625e-7,0.0000010552043498725164,
1.565e-7,0.0000010086543628402883,
1.5675e-7,9.618367658714664e-7,
1.57e-7,9.147637150319762e-7,
1.5724999999999998e-7,8.674481310566428e-7,
1.5749999999999997e-7,8.19903644510898e-7,
1.5774999999999997e-7,7.72144542493527e-7,
1.5799999999999996e-7,7.241857180936663e-7,
1.5824999999999995e-7,6.760426277185054e-7,
1.5849999999999994e-7,6.2773124580088e-7,
1.5874999999999994e-7,5.792680281578129e-7,
1.5899999999999993e-7,5.306698718723254e-7,
1.5924999999999992e-7,4.819540825034596e-7,
1.594999999999999e-7,4.331383397239899e-7,
1.597499999999999e-7,3.842406667240191e-7,
1.599999999999999e-7,3.3527940084212467e-7,
1.602499999999999e-7,2.862731657924116e-7,
1.6049999999999988e-7,2.3724084495051201e-7,
1.6074999999999987e-7,1.882015545838087e-7,
1.6099999999999987e-7,1.3917462331510738e-7,
1.6124999999999986e-7,9.017956442622399e-8,
1.6149999999999985e-7,4.123605741923107e-8,
1.6174999999999984e-7,-7.636074424831286e-9,
1.6199999999999984e-7,-5.641688539313725e-8,
1.6224999999999983e-7,-1.0508632584151075e-7,
1.6249999999999982e-7,-1.5362426122851267e-7,
1.627499999999998e-7,-2.0201049068210245e-7,
1.629999999999998e-7,-2.5022476535526637e-7,
1.632499999999998e-7,-2.9824680405359624e-7,
1.634999999999998e-7,-3.4605631093467854e-7,
1.6374999999999978e-7,-3.936329915355557e-7,
1.6399999999999977e-7,-4.4095656857059405e-7,
1.6424999999999977e-7,-4.880067959750915e-7,
1.6449999999999976e-7,-5.34763475830202e-7,
1.6474999999999975e-7,-5.812064705462341e-7,
1.6499999999999974e-7,-6.273157172515676e-7,
1.6524999999999974e-7,-6.730712449769026e-7,
1.6549999999999973e-7,-7.184531821703672e-7,
1.6574999999999972e-7,-7.634417748940572e-7,
1.659999999999997e-7,-8.080173970321491e-7,
1.662499999999997e-7,-8.521605623569227e-7,
1.664999999999997e-7,-8.958519388313379e-7,
1.667499999999997e-7,-9.390723590408489e-7,
1.6699999999999968e-7,-9.81802831663661e-7,
1.6724999999999967e-7,-0.0000010240245539851443,
1.6749999999999967e-7,-0.0000010657189227147923,
1.6774999999999966e-7,-0.0000011068675422124832,
1.6799999999999965e-7,-0.0000011474522404879357,
1.6824999999999964e-7,-0.0000011874550755663627,
1.6849999999999964e-7,-0.0000012268583452180642,
1.6874999999999963e-7,-0.000001265644600555423,
1.6899999999999962e-7,-0.0000013037966520321858,
1.692499999999996e-7,-0.0000013412975825296216,
1.694999999999996e-7,-0.000001378130751806063,
1.697499999999996e-7,-0.0000014142798112627957,
1.699999999999996e-7,-0.000001449728707367674,
1.7024999999999958e-7,-0.000001484461695118852,
1.7049999999999957e-7,-0.000001518463342063462,
1.7074999999999957e-7,-0.0000015517185413359662,
1.7099999999999956e-7,-0.0000015842125138495194,
1.7124999999999955e-7,-0.000001615930821551488,
1.7149999999999954e-7,-0.000001646859370767061,
1.7174999999999954e-7,-0.0000016769844229941448,
1.7199999999999953e-7,-0.000001706292599157995,
1.7224999999999952e-7,-0.000001734770888442071,
1.724999999999995e-7,-0.0000017624066529055888,
1.727499999999995e-7,-0.0000017891876379803831,
1.729999999999995e-7,-0.0000018151019734857834,
1.732499999999995e-7,-0.0000018401381831478594,
1.7349999999999948e-7,-0.0000018642851895847253,
1.7374999999999947e-7,-0.0000018875323204401148,
1.7399999999999947e-7,-0.000001909869312186439,
1.7424999999999946e-7,-0.000001931286316559602,
1.7449999999999945e-7,-0.0000019517739054800845,
1.7474999999999944e-7,-0.0000019713230755217605,
1.7499999999999944e-7,-0.0000019899252521207627,
1.7524999999999943e-7,-0.0000020075722944234992,
1.7549999999999942e-7,-0.00000202425649981234,
1.757499999999994e-7,-0.000002039970605442397,
1.759999999999994e-7,-0.0000020547077949604804,
1.762499999999994e-7,-0.000002068461698888336,
1.764999999999994e-7,-0.0000020812264010190977,
1.7674999999999938e-7,-0.0000020929964384443888,
1.7699999999999937e-7,-0.0000021037668055396704,
1.7724999999999937e-7,-0.0000021135329572805667,
1.7749999999999936e-7,-0.000002122290808851241,
1.7774999999999935e-7,-0.000002130036741378939,
1.7799999999999934e-7,-0.0000021367676007508378,
1.7824999999999934e-7,-0.000002142480700195711,
1.7849999999999933e-7,-0.0000021471738219324344,
1.7874999999999932e-7,-0.000002150845218136451,
1.789999999999993e-7,-0.0000021534936114889117,
1.792499999999993e-7,-0.0000021551181963514194,
1.794999999999993e-7,-0.000002155718639049386,
1.797499999999993e-7,-0.000002155295078254513,
1.7999999999999928e-7,-0.000002153848124636507,
1.8024999999999927e-7,-0.0000021513788601510876,
1.8049999999999927e-7,-0.0000021478888392922497,
1.8074999999999926e-7,-0.0000021433800870757806,
1.8099999999999925e-7,-0.0000021378550984239386,
1.8124999999999924e-7,-0.0000021313168366357824,
1.8149999999999924e-7,-0.000002123768733491596,
1.8174999999999923e-7,-0.000002115214685933721,
1.8199999999999922e-7,-0.0000021056590554299766,
1.8224999999999921e-7,-0.0000020951066651757373,
1.824999999999992e-7,-0.000002083562799566101,
1.827499999999992e-7,-0.000002071033199172551,
1.829999999999992e-7,-0.000002057524060879861,
1.8324999999999918e-7,-0.000002043091638922819,
1.8349999999999917e-7,-0.0000020275820584444164,
1.8374999999999917e-7,-0.0000020112279056462093,
1.8399999999999916e-7,-0.0000019938134093152903,
1.8424999999999915e-7,-0.000001975567183765489,
1.8449999999999914e-7,-0.0000019562806596552834,
1.8474999999999914e-7,-0.0000019361771183066187,
1.8499999999999913e-7,-0.000001915055266487246,
1.8524999999999912e-7,-0.0000018931328543751652,
1.8549999999999911e-7,-0.0000018703913243404676,
1.857499999999991e-7,-0.0000018464320825401685,
1.859999999999991e-7,-0.0000018218704654539218,
1.862499999999991e-7,-0.0000017965165492518209,
1.8649999999999908e-7,-0.0000017703678777608866,
1.8674999999999907e-7,-0.0000017434234552959094,
1.8699999999999907e-7,-0.0000017146661575418781,
1.8724999999999906e-7,-0.0000016859802157457716,
1.8749999999999905e-7,-0.000001656545121763903,
1.8774999999999904e-7,-0.0000016365644585656388,
1.8799999999999904e-7,-0.0000015933610565923406,
1.8824999999999903e-7,-0.0000015619763863038436,
1.8849999999999902e-7,-0.0000015287004658399108,
1.8874999999999901e-7,-0.0000014958259967941391,
1.88999999999999e-7,-0.0000014621996294959666,
1.89249999999999e-7,-0.0000014275565429582029,
1.89499999999999e-7,-0.0000013923885908923553,
1.8974999999999898e-7,-0.0000013564468674202098,
1.8999999999999897e-7,-0.0000013199025310615137,
1.9024999999999897e-7,-0.0000012826416200147536,
1.9049999999999896e-7,-0.0000012448236064120877,
1.9074999999999895e-7,-0.000001206338813512005,
1.9099999999999894e-7,-0.000001167337927726974,
1.9124999999999894e-7,-0.0000011277167751595526,
1.9149999999999893e-7,-0.0000010875928493474683,
1.9174999999999892e-7,-0.0000010469505990825708,
1.9199999999999891e-7,-0.000001005811286796616,
1.922499999999989e-7,-9.641954870175807e-7,
1.924999999999989e-7,-9.22123720346003e-7,
1.927499999999989e-7,-8.796165133156445e-7,
1.9299999999999888e-7,-8.366944380830865e-7,
1.9324999999999888e-7,-7.933781370656078e-7,
1.9349999999999887e-7,-7.496883399691214e-7,
1.9374999999999886e-7,-7.056458777844116e-7,
1.9399999999999885e-7,-6.612716880748774e-7,
1.9424999999999884e-7,-6.165868189697455e-7,
1.9449999999999884e-7,-5.716124270455256e-7,
1.9474999999999883e-7,-5.26369779167086e-7,
1.9499999999999882e-7,-4.808802447193394e-7,
1.9524999999999881e-7,-4.351652924607615e-7,
1.954999999999988e-7,-3.8924648350406033e-7,
1.957499999999988e-7,-3.4314546371538376e-7,
1.959999999999988e-7,-2.968839561697997e-7,
1.9624999999999878e-7,-2.50483753148329e-7,
1.9649999999999878e-7,-2.0396670733295463e-7,
1.9674999999999877e-7,-1.573547218191332e-7,
1.9699999999999876e-7,-1.1066974015492624e-7,
1.9724999999999875e-7,-6.393374024621442e-8,
1.9749999999999874e-7,-1.716872022986393e-8,
1.9774999999999874e-7,2.9603308194668867e-8,
1.9799999999999873e-7,7.63603313244344e-8,
1.9824999999999872e-7,1.2308034244305695e-7,
1.9849999999999871e-7,1.6974135209432984e-7,
1.987499999999987e-7,2.1632139896815539e-7,
1.989999999999987e-7,2.627985590784835e-7,
1.992499999999987e-7,3.0915095489445134e-7,
1.9949999999999868e-7,3.5535676839904665e-7,
1.9974999999999868e-7,4.0139424751925536e-7,
1.9999999999999867e-7,4.472417189119715e-7,
2.0024999999999866e-7,4.928775967968867e-7,
2.0049999999999865e-7,5.382803930540416e-7,
2.0074999999999864e-7,5.834287273648601e-7,
2.0099999999999864e-7,6.283013362333591e-7,
2.0124999999999863e-7,6.728770842819432e-7,
2.0149999999999862e-7,7.171349733787992e-7,
2.0174999999999861e-7,7.610541512846158e-7,
2.019999999999986e-7,8.046139237992554e-7,
2.022499999999986e-7,8.47793761692173e-7,
2.024999999999986e-7,8.905733121983161e-7,
2.0274999999999858e-7,9.329324074237786e-7,
2.0299999999999858e-7,9.74851073710058e-7,
2.0324999999999857e-7,0.000001016309541924449,
2.0349999999999856e-7,0.0000010572882559901045,
2.0374999999999855e-7,0.0000010977678807405995,
2.0399999999999854e-7,0.0000011377293138042619,
2.0424999999999854e-7,0.0000011771536911754438,
2.0449999999999853e-7,0.0000012160223990813255,
2.0474999999999852e-7,0.0000012543170806756694,
2.0499999999999851e-7,0.000001292019645550478,
2.052499999999985e-7,0.0000013291122766531274,
2.054999999999985e-7,0.000001365577442630693,
2.057499999999985e-7,0.0000014013978990541762,
2.0599999999999848e-7,0.0000014365567030661292,
2.0624999999999848e-7,0.0000014710372201683045,
2.0649999999999847e-7,0.000001504823127705663,
2.0674999999999846e-7,0.0000015378984286066938,
2.0699999999999845e-7,0.0000015702474531300262,
2.0724999999999844e-7,0.0000016018548703117111,
2.0749999999999844e-7,0.0000016327056940234058,
2.0774999999999843e-7,0.0000016627852897481267,
2.0799999999999842e-7,0.000001692079381005583,
2.0824999999999841e-7,0.0000017205740569575788,
2.084999999999984e-7,0.0000017482557793815177,
2.087499999999984e-7,0.0000017751113871527078,
2.089999999999984e-7,0.0000018011281046670578,
2.0924999999999838e-7,0.0000018262935470156303,
2.0949999999999838e-7,0.0000018505957255064257,
2.0974999999999837e-7,0.0000018740230536339534,
2.0999999999999836e-7,0.0000018965643530459072,
2.1024999999999835e-7,0.0000019182088582272287,
2.1049999999999834e-7,0.000001938946222779924,
2.1074999999999834e-7,0.0000019587665223648185,
2.1099999999999833e-7,0.0000019776602617487685,
2.1124999999999832e-7,0.000001995618378134671,
2.1149999999999831e-7,0.0000020126322458971243,
2.117499999999983e-7,0.0000020286936807064218,
2.119999999999983e-7,0.0000020437949427464286,
2.122499999999983e-7,0.0000020579287429607244,
2.1249999999999828e-7,0.0000020710882440718187,
2.1274999999999828e-7,0.0000020832670645587868,
2.1299999999999827e-7,0.000002094459283035065,
2.1324999999999826e-7,0.000002104659439635512,
2.1349999999999825e-7,0.000002113862540196533,
2.1374999999999824e-7,0.000002122064058038051,
2.1399999999999824e-7,0.000002129259936728424,
2.1424999999999823e-7,0.0000021354465908318805,
2.1449999999999822e-7,0.000002140620910490936,
2.1474999999999821e-7,0.0000021447802607255936,
2.149999999999982e-7,0.000002147922484166268,
2.152499999999982e-7,0.000002150045901745921,
2.154999999999982e-7,0.00000215114931507967,
2.1574999999999818e-7,0.0000021512320045148036,
2.1599999999999818e-7,0.000002150293732536345,
2.1624999999999817e-7,0.0000021483347434868137,
2.1649999999999816e-7,0.0000021453557630755735,
2.1674999999999815e-7,0.000002141357998419858,
2.1699999999999814e-7,0.000002136343138771816,
2.1724999999999814e-7,0.000002130313354378941,
2.1749999999999813e-7,0.000002123271295074359,
2.1774999999999812e-7,0.000002115220091024396,
2.1799999999999811e-7,0.000002106163350808469,
2.182499999999981e-7,0.00000209610515932986,
2.184999999999981e-7,0.0000020850500777995286,
2.187499999999981e-7,0.000002073003140474386,
2.1899999999999808e-7,0.000002059969854558843,
2.1924999999999808e-7,0.0000020459561953599627,
2.1949999999999807e-7,0.0000020309686074326956,
2.1974999999999806e-7,0.0000020150139986201344,
2.1999999999999805e-7,0.0000019980997384764434,
2.2024999999999804e-7,0.0000019802336563456197,
2.2049999999999804e-7,0.000001961424036971195,
2.2074999999999803e-7,0.0000019416796171378445,
2.2099999999999802e-7,0.000001921009582194769,
2.2124999999999801e-7,0.0000018994235628320217,
2.21499999999998e-7,0.0000018769316300308343,
2.21749999999998e-7,0.0000018535442919428815,
2.21999999999998e-7,0.000001829272488047205,
2.2224999999999798e-7,0.0000018041275858183302,
2.2249999999999798e-7,0.0000017781213762020193,
2.2274999999999797e-7,0.0000017512660668076565,
2.2299999999999796e-7,0.0000017235742792302099,
2.2324999999999795e-7,0.0000016950590418670717,
2.2349999999999794e-7,0.0000016657337849481792,
2.2374999999999794e-7,0.0000016356123349459119,
2.2399999999999793e-7,0.0000016047089085888564,
2.2424999999999792e-7,0.0000015730381074903216,
2.2449999999999791e-7,0.00000154061491147809,
2.247499999999979e-7,0.0000015074546719353492,
2.249999999999979e-7,0.0000014735731056498686,
2.252499999999979e-7,0.0000014389862888864282,
2.2549999999999788e-7,0.0000014037106490891574,
2.2574999999999788e-7,0.000001367762959342893,
2.2599999999999787e-7,0.0000013311603312192827,
2.2624999999999786e-7,0.0000012939202068734683,
2.2649999999999785e-7,0.0000012560603526971586,
2.2674999999999784e-7,0.0000012175988501882049,
2.2699999999999784e-7,0.0000011785540915019782,
2.2724999999999783e-7,0.0000011389447683290098,
2.2749999999999782e-7,0.000001098789866887891,
2.2774999999999781e-7,0.0000010581086590736595,
2.279999999999978e-7,0.000001016920694530633,
2.282499999999978e-7,9.75245792588034e-7,
2.284999999999978e-7,9.331040352517635e-7,
2.2874999999999778e-7,8.905157576254766e-7,
2.2899999999999778e-7,8.4750154150862e-7,
2.2924999999999777e-7,8.040822050829568e-7,
2.2949999999999776e-7,7.602787974230386e-7,
2.2974999999999775e-7,7.161125880142569e-7,
2.2999999999999774e-7,6.71605060450814e-7,
2.3024999999999774e-7,6.267779024754209e-7,
2.3049999999999773e-7,5.816529991585154e-7,
2.3074999999999772e-7,5.362524237964437e-7,
2.3099999999999771e-7,4.90598430978437e-7,
2.312499999999977e-7,4.447134481985997e-7,
2.314999999999977e-7,3.9862006791136503e-7,
2.317499999999977e-7,3.523410398216293e-7,
2.3199999999999768e-7,3.0589926270541293e-7,
2.3224999999999768e-7,2.5931777796841336e-7,
2.3249999999999767e-7,2.1261976240802717e-7,
2.3274999999999766e-7,1.6582851953111374e-7,
2.3299999999999765e-7,1.1896747495755614e-7,
2.3324999999999765e-7,7.2060168751484e-8,
2.3349999999999764e-7,2.513024915669601e-8,
2.3374999999999763e-7,-2.179853308956343e-8,
2.3399999999999762e-7,-6.870232919338124e-8,
2.3424999999999761e-7,-1.1555719906835796e-7,
2.344999999999976e-7,-1.62339114384193e-7,
2.347499999999976e-7,-2.090239625139758e-7,
2.349999999999976e-7,-2.555875501419021e-7,
2.3524999999999758e-7,-3.020056056503791e-7,
2.3549999999999758e-7,-3.482537807852844e-7,
2.3574999999999757e-7,-3.9430765043415355e-7,
2.3599999999999756e-7,-4.401427140737232e-7,
2.3624999999999755e-7,-4.857343924705523e-7,
2.3649999999999755e-7,-5.310580258389829e-7,
2.3674999999999754e-7,-5.760888694642324e-7,
2.3699999999999753e-7,-6.208020873600256e-7,
2.3724999999999752e-7,-6.651727445575767e-7,
2.3749999999999751e-7,-7.091757977371797e-7,
2.377499999999975e-7,-7.527860817832526e-7,
2.379999999999975e-7,-7.959782960571458e-7,
2.382499999999975e-7,-8.387269850820888e-7,
2.384999999999975e-7,-8.810065174057936e-7,
2.387499999999975e-7,-9.227910602646903e-7,
2.389999999999975e-7,-9.640545487388307e-7,
2.3924999999999754e-7,-0.0000010047706510533775,
2.3949999999999756e-7,-0.000001044912726482714,
2.397499999999976e-7,-0.0000010844537776346632,
2.399999999999976e-7,-0.0000011233663940623291,
2.402499999999976e-7,-0.0000011616226865815524,
2.4049999999999763e-7,-0.000001199194211482838,
2.4074999999999765e-7,-0.0000012360518819063671,
2.4099999999999767e-7,-0.000001272165864703196,
2.412499999999977e-7,-0.0000013075054617584824,
2.414999999999977e-7,-0.0000013420389680484983,
2.4174999999999773e-7,-0.0000013757335105398048,
2.4199999999999775e-7,-0.0000014085548561540667,
2.4224999999999777e-7,-0.0000014404671883403999,
2.424999999999978e-7,-0.000001471432844125016,
2.427499999999978e-7,-0.0000015014120047171543,
2.429999999999978e-7,-0.000001530362328585128,
2.4324999999999784e-7,-0.0000015582385175085861,
2.4349999999999786e-7,-0.0000015849918008434339,
2.437499999999979e-7,-0.0000016105693171411045,
2.439999999999979e-7,-0.0000016349133748319924,
2.442499999999979e-7,-0.000001657960559650845,
2.4449999999999793e-7,-0.0000016796406559332526,
2.4474999999999795e-7,-0.0000016998753308698583,
2.4499999999999797e-7,-0.000001718576528634305,
2.45249999999998e-7,-0.000001735644490092886,
2.45499999999998e-7,-0.0000017509653024737413,
2.4574999999999803e-7,-0.0000017644078418840527,
2.4599999999999805e-7,-0.0000017758199349298132,
2.4624999999999807e-7,-0.0000017850234981501827,
2.464999999999981e-7,-0.0000017918083329997213,
2.467499999999981e-7,-0.0000017959241344084737,
2.469999999999981e-7,-0.0000017970700935026655,
2.4724999999999814e-7,-0.0000017948812284678435,
2.4749999999999816e-7,-0.0000017889102066968927,
2.477499999999982e-7,-0.0000017786028591412359,
2.479999999999982e-7,-0.000001763264748351799,
2.482499999999982e-7,-0.000001742014813025102,
2.4849999999999823e-7,-0.0000017137200105487297,
2.4874999999999825e-7,-0.000001676901426965668,
2.4899999999999827e-7,-0.0000016295965479133153,
2.492499999999983e-7,-0.0000015691524009569042,
2.494999999999983e-7,-0.000001491906441181583,
2.4974999999999833e-7,-0.000001392678913056542,
2.4999999999999835e-7,-0.0000012639360754191108,
2.5024999999999837e-7,-0.0000010941827629445148,
2.504999999999984e-7,-8.638136556559493e-7,
2.507499999999984e-7,-5.454855703899767e-7,
2.509999999999984e-7,-8.799912277935116e-8,
2.5124999999999844e-7,6.054131952139043e-7,
2.5149999999999846e-7,0.0000017382989085683921,
2.517499999999985e-7,0.000003810637069304741,
2.519999999999985e-7,0.000008396716851944965,
2.522499999999985e-7,0.000023538033828760425,
2.5249999999999854e-7,0.00032502879333519066,
2.5274999999999855e-7,0.1201472220140925,
2.5299999999999857e-7,0.023084167575536937,
2.532499999999986e-7,-0.008746810236724044,
2.534999999999986e-7,-0.017176391062756213,
2.5374999999999863e-7,-0.017596578931351768,
2.5399999999999865e-7,-0.015571457976958164,
2.5424999999999867e-7,-0.01307468893286416,
2.544999999999987e-7,-0.010774973322990907,
2.547499999999987e-7,-0.008870302770115959,
2.549999999999987e-7,-0.007389056232259013,
2.5524999999999874e-7,-0.006297242800188852,
2.5549999999999876e-7,-0.00553749718943924,
2.557499999999988e-7,-0.005045536475890644,
2.559999999999988e-7,-0.004759128926999706,
2.562499999999988e-7,-0.004623480821542091,
2.5649999999999884e-7,-0.004593750708755034,
2.5674999999999885e-7,-0.004635494016645409,
2.5699999999999887e-7,-0.004723478431650166,
2.572499999999989e-7,-0.004839953792240482,
2.574999999999989e-7,-0.004972878227995213,
2.5774999999999893e-7,-0.005114315908228991,
2.5799999999999895e-7,-0.005259187875295312,
2.5824999999999897e-7,-0.005404341259618714,
2.58499999999999e-7,-0.005547887563869352,
2.58749999999999e-7,-0.005688746975801994,
2.58999999999999e-7,-0.005826342120634597,
2.5924999999999904e-7,-0.005960396460196449,
2.5949999999999906e-7,-0.006090804399699714,
2.597499999999991e-7,-0.0062175497999689125,
2.599999999999991e-7,-0.006340656820245839,
2.602499999999991e-7,-0.0064601618995814266,
2.6049999999999914e-7,-0.006576099135757742,
2.6074999999999916e-7,-0.006688493748537433,
2.609999999999992e-7,-0.0067973601057741495,
2.612499999999992e-7,-0.006902702093845033,
2.614999999999992e-7,-0.007004514520512529,
2.6174999999999923e-7,-0.007102784830892691,
2.6199999999999925e-7,-0.00719749477892806,
2.6224999999999927e-7,-0.0072886219025499405,
2.624999999999993e-7,-0.007376140759130828,
2.627499999999993e-7,-0.007460023929564816,
2.629999999999993e-7,-0.00754024282023429,
2.6324999999999934e-7,-0.0076167682974430315,
2.6349999999999936e-7,-0.0076895711870975094,
2.637499999999994e-7,-0.007758622667897177,
2.639999999999994e-7,-0.007823894581207304,
2.642499999999994e-7,-0.007885359676069336,
2.6449999999999944e-7,-0.007942991803797822,
2.6474999999999946e-7,-0.007996766073358126,
2.649999999999995e-7,-0.008046658976152414,
2.652499999999995e-7,-0.008092648486859356,
2.654999999999995e-7,-0.008134714145506315,
2.6574999999999953e-7,-0.008172837123566902,
2.6599999999999955e-7,-0.008207000280825341,
2.6624999999999957e-7,-0.00823718820914659,
2.664999999999996e-7,-0.008263387270717702,
2.667499999999996e-7,-0.008285585629234912,
2.669999999999996e-7,-0.008303773275801158,
2.6724999999999964e-7,-0.008317942050382873,
2.6749999999999966e-7,-0.008328085659502493,
2.677499999999997e-7,-0.00833419969070048,
2.679999999999997e-7,-0.008336281624192553,
2.682499999999997e-7,-0.008334330842063238,
2.6849999999999974e-7,-0.008328348635267413,
2.6874999999999976e-7,-0.00831833820866136,
2.689999999999998e-7,-0.008304304684241539,
2.692499999999998e-7,-0.008286255102735689,
2.694999999999998e-7,-0.008264198423665759,
2.6974999999999983e-7,-0.008238145523980778,
2.6999999999999985e-7,-0.00820810919534046,
2.7024999999999987e-7,-0.008174104140116788,
2.704999999999999e-7,-0.008136146966171936,
2.707499999999999e-7,-0.008094256180458956,
2.709999999999999e-7,-0.008048452181488728,
2.7124999999999994e-7,-0.007998757250694152,
2.7149999999999996e-7,-0.00794519554272724,
2.7175e-7,-0.007887793074715068,
2.72e-7,-0.007826577714495742,
2.7225e-7,-0.007761579167859707,
2.7250000000000004e-7,-0.007692828964814149,
2.7275000000000006e-7,-0.007620360444889852,
2.730000000000001e-7,-0.007544208741505575,
2.732500000000001e-7,-0.007464410765409666,
2.735000000000001e-7,-0.007381005187209945,
2.7375000000000013e-7,-0.007294032419007962,
2.7400000000000015e-7,-0.007203534595155348,
2.7425000000000017e-7,-0.007109555552140172,
2.745000000000002e-7,-0.007012140807621247,
2.747500000000002e-7,-0.006911337538624021,
2.750000000000002e-7,-0.006807194558908825,
2.7525000000000024e-7,-0.006699762295527985,
2.7550000000000026e-7,-0.006589092764584378,
2.757500000000003e-7,-0.006475239546203735,
2.760000000000003e-7,-0.0063582577587385815,
2.762500000000003e-7,-0.006238204032212583,
2.7650000000000034e-7,-0.006115136481023789,
2.7675000000000036e-7,-0.0059891146759196295,
2.770000000000004e-7,-0.0058601996152575055,
2.772500000000004e-7,-0.00572845369556732,
2.775000000000004e-7,-0.005593940681429978,
2.7775000000000043e-7,-0.0054567256746886105,
2.7800000000000045e-7,-0.005316875083004822,
2.7825000000000047e-7,-0.005174456587781725,
2.785000000000005e-7,-0.005029539111460688,
2.787500000000005e-7,-0.004882192784220118,
2.790000000000005e-7,-0.004732488910080097,
2.7925000000000055e-7,-0.004580499932439816,
2.7950000000000056e-7,-0.004426299399059552,
2.797500000000006e-7,-0.004269961926504949,
2.800000000000006e-7,-0.00411156316407338,
2.802500000000006e-7,-0.00395117975721656,
2.8050000000000064e-7,-0.003788889310481687,
2.8075000000000066e-7,-0.003624770349985225,
2.810000000000007e-7,-0.0034589022854386842,
2.812500000000007e-7,-0.0032913653717488757,
2.815000000000007e-7,-0.0031222406702038105,
2.8175000000000073e-7,-0.002951610009271445,
2.8200000000000075e-7,-0.002779555945022614,
2.8225000000000077e-7,-0.002606161721204381,
2.825000000000008e-7,-0.002431511228978287,
2.827500000000008e-7,-0.0022556889663453944,
2.8300000000000083e-7,-0.0020787799972762726,
2.8325000000000085e-7,-0.0019008699105695452,
2.8350000000000086e-7,-0.0017220447784512159,
2.837500000000009e-7,-0.0015423911149464473,
2.840000000000009e-7,-0.0013619958340307047,
2.842500000000009e-7,-0.0011809462075926896,
2.8450000000000094e-7,-0.0009993298232205225,
2.8475000000000096e-7,-0.0008172345418366293,
2.85000000000001e-7,-0.0006347484552006183,
2.85250000000001e-7,-0.0004519598432999472,
2.85500000000001e-7,-0.0002689571316491783,
2.8575000000000103e-7,-0.00008582884852029585,
2.8600000000000105e-7,0.00009733641787716263,
2.8625000000000107e-7,0.00028045006224629017,
2.865000000000011e-7,0.0004634235050577251,
2.867500000000011e-7,0.000646168235395401,
2.8700000000000113e-7,0.0008285958537668037,
2.8725000000000115e-7,0.0010106181148586098,
2.8750000000000116e-7,0.0011921469702200606,
2.877500000000012e-7,0.001373094610847707,
2.880000000000012e-7,0.0015533735096558605,
2.882500000000012e-7,0.0017328964638102656,
2.8850000000000124e-7,0.0019115766369030007,
2.8875000000000126e-7,0.0020893276009523935,
2.890000000000013e-7,0.002266063378202208,
2.892500000000013e-7,0.002441698482704809,
2.895000000000013e-7,0.0026161479616643155,
2.8975000000000133e-7,0.0027893274365231604,
2.9000000000000135e-7,0.002961153143769212,
2.9025000000000137e-7,0.0031315419754451993,
2.905000000000014e-7,0.0033004115193409054,
2.907500000000014e-7,0.0034676800988482324,
2.9100000000000143e-7,0.0036332668124595697,
2.9125000000000145e-7,0.003797091572892759,
2.9150000000000147e-7,0.003959075145817884,
2.917500000000015e-7,0.004119139188175512,
2.920000000000015e-7,0.004277206286059765,
2.922500000000015e-7,0.004433199992154028,
2.9250000000000154e-7,0.004587044862696878,
2.9275000000000156e-7,0.004738666493964165,
2.930000000000016e-7,0.004887991558244143,
2.932500000000016e-7,0.005034947839296317,
2.935000000000016e-7,0.005179464267268221,
2.9375000000000163e-7,0.005321470953059221,
2.9400000000000165e-7,0.005460899222113032,
2.9425000000000167e-7,0.005597681647620641,
2.945000000000017e-7,0.005731752083120758,
2.947500000000017e-7,0.005863045694480619,
2.9500000000000173e-7,0.005991498991240756,
2.9525000000000175e-7,0.006117049857309366,
2.9550000000000177e-7,0.006239637580992635,
2.957500000000018e-7,0.006359202884344607,
2.960000000000018e-7,0.006475687951822834,
2.962500000000018e-7,0.006589036458237664,
2.9650000000000184e-7,0.0066991935959776075,
2.9675000000000186e-7,0.006806106101504789,
2.970000000000019e-7,0.006909722281098121,
2.972500000000019e-7,0.007009992035840545,
2.975000000000019e-7,0.007106866885832354,
2.9775000000000193e-7,0.00720029999362322,
2.9800000000000195e-7,0.007290246186847528,
2.9825000000000197e-7,0.007376661980053873,
2.98500000000002e-7,0.007459505595721704,
2.98750000000002e-7,0.007538736984446654,
2.9900000000000203e-7,0.007614317844294192,
2.9925000000000205e-7,0.007686211639304147,
2.9950000000000207e-7,0.007754383617144337,
2.997500000000021e-7,0.00781880082589798,
3.000000000000021e-7,0.00787943212998236,
3.002500000000021e-7,0.007936248225188073,
3.0050000000000214e-7,0.007989221652832305,
3.0075000000000216e-7,0.008038326813017757,
3.010000000000022e-7,0.00808353997699636,
3.012500000000022e-7,0.008124839298623326,
3.015000000000022e-7,0.008162204824902842,
3.0175000000000224e-7,0.008195618505618564,
3.0200000000000225e-7,0.008225064202040574,
3.0225000000000227e-7,0.008250527694712581,
3.025000000000023e-7,0.00827199669030619,
3.027500000000023e-7,0.008289460827545319,
3.0300000000000233e-7,0.008302911682197297,
3.0325000000000235e-7,0.008312342771123993,
3.0350000000000237e-7,0.008317749555398385,
3.037500000000024e-7,0.008319129442475145,
3.040000000000024e-7,0.008316481787426314,
3.042500000000024e-7,0.008309807893229116,
3.0450000000000244e-7,0.008299111010115498,
3.0475000000000246e-7,0.008284396333977586,
3.050000000000025e-7,0.008265671003835046,
3.052500000000025e-7,0.00824294409835832,
3.055000000000025e-7,0.008216226631459099,
3.0575000000000254e-7,0.008185531546939783,
3.0600000000000255e-7,0.008150873712212939,
3.062500000000026e-7,0.008112269911090203,
3.065000000000026e-7,0.008069738835642286,
3.067500000000026e-7,0.008023301077139515,
3.0700000000000263e-7,0.007972979116071543,
3.0725000000000265e-7,0.007918797311252493,
3.0750000000000267e-7,0.007860781888023105,
3.077500000000027e-7,0.0077989609255427654,
3.080000000000027e-7,0.007733364343192383,
3.082500000000027e-7,0.007664023882010209,
3.0850000000000274e-7,0.007590973110503403,
3.0875000000000276e-7,0.007514247359451115,
3.090000000000028e-7,0.007433883774851753,
3.092500000000028e-7,0.007349921223793282,
3.095000000000028e-7,0.007262400349355567,
3.0975000000000284e-7,0.007171363481599899,
3.1000000000000286e-7,0.007076854682044468,
3.102500000000029e-7,0.006978919661571657,
3.105000000000029e-7,0.006877605806206279,
3.107500000000029e-7,0.006772962148583411,
3.1100000000000293e-7,0.006665039285779592,
3.1125000000000295e-7,0.006553889441800517,
3.1150000000000297e-7,0.006439566383982472,
3.11750000000003e-7,0.0063221254179307,
3.12000000000003e-7,0.006201623391166712,
3.12250000000003e-7,0.006077991534323942,
3.1250000000000304e-7,0.005951745699058377,
3.1275000000000306e-7,0.005822373850497629,
3.130000000000031e-7,0.005690152859758287,
3.132500000000031e-7,0.005555323400778573,
3.135000000000031e-7,0.005417706135549309,
3.1375000000000314e-7,0.0052774791315372575,
3.1400000000000316e-7,0.0051347019019581394,
3.142500000000032e-7,0.004989439969684411,
3.145000000000032e-7,0.004841762310850452,
3.147500000000032e-7,0.0046917398899658114,
3.1500000000000323e-7,0.004539445099227342,
3.1525000000000325e-7,0.004384951537244448,
3.1550000000000327e-7,0.004228333905858553,
3.157500000000033e-7,0.0040696679451382054,
3.160000000000033e-7,0.003909030393523156,
3.162500000000033e-7,0.0037464989399358696,
3.1650000000000334e-7,0.003582152193189214,
3.1675000000000336e-7,0.003416069637543132,
3.170000000000034e-7,0.003248331596055278,
3.172500000000034e-7,0.003079019192012997,
3.175000000000034e-7,0.0029082143093439403,
3.1775000000000344e-7,0.002735999553012654,
3.1800000000000346e-7,0.00256245820906964,
3.182500000000035e-7,0.0023876742043728544,
3.185000000000035e-7,0.00221173206599356,
3.187500000000035e-7,0.002034716880337379,
3.1900000000000353e-7,0.0018567142519922602,
3.1925000000000355e-7,0.0016778102623274998,
3.1950000000000357e-7,0.001498091427864786,
3.197500000000036e-7,0.0013176446584342127,
3.200000000000036e-7,0.001136557215146969,
3.202500000000036e-7,0.0009549166681934181,
3.2050000000000364e-7,0.000772810854495995,
3.2075000000000366e-7,0.0005903278352318106,
3.210000000000037e-7,0.00040755585324787934,
3.212500000000037e-7,0.00022458329038883165,
3.215000000000037e-7,0.000041498624759238174,
3.2175000000000374e-7,-0.00014160961206208787,
3.2200000000000376e-7,-0.00032465287783091243,
3.222500000000038e-7,-0.0005075426624525328,
3.225000000000038e-7,-0.0006901905307798307,
3.227500000000038e-7,-0.0008725081653756052,
3.2300000000000383e-7,-0.0010544074092143838,
3.2325000000000385e-7,-0.0012358003083100103,
3.2350000000000387e-7,-0.0014165991542419427,
3.237500000000039e-7,-0.001596716526562774,
3.240000000000039e-7,-0.0017760653350665716,
3.242500000000039e-7,-0.0019545588618948705,
3.2450000000000394e-7,-0.0021321108034658984,
3.2475000000000396e-7,-0.0023086353121991553,
3.25000000000004e-7,-0.002484047038019807,
3.25250000000004e-7,-0.002658261169623426,
3.25500000000004e-7,-0.0028311934754791015,
3.2575000000000404e-7,-0.003002760344550453,
3.2600000000000406e-7,-0.003172878826716034,
3.262500000000041e-7,-0.003341466672872395,
3.265000000000041e-7,-0.0035084423746945814,
3.267500000000041e-7,-0.0036737252040386576,
3.2700000000000413e-7,-0.003837235251967926,
3.2725000000000415e-7,-0.00399889346737979,
3.2750000000000417e-7,-0.004158621695220341,
3.277500000000042e-7,-0.004316342714261921,
3.280000000000042e-7,-0.004471980274433594,
3.282500000000042e-7,-0.0046254591336755335,
3.2850000000000425e-7,-0.004776705094308752,
3.2875000000000426e-7,-0.0049256450388994975,
3.290000000000043e-7,-0.00507220696560113,
3.292500000000043e-7,-0.005216320022953572,
3.295000000000043e-7,-0.005357914544129638,
3.2975000000000434e-7,-0.005496922080605224,
3.3000000000000436e-7,-0.0056332754352411436,
3.302500000000044e-7,-0.0057669086947595245,
3.305000000000044e-7,-0.005897757261599313,
3.307500000000044e-7,-0.006025757885134193,
3.3100000000000443e-7,-0.006150848692240044,
3.3125000000000445e-7,-0.006272969217194305,
3.3150000000000447e-7,-0.006392060430896963,
3.317500000000045e-7,-0.0065080647693947285,
3.320000000000045e-7,-0.0066209261616955,
3.3225000000000453e-7,-0.0067305900568640185,
3.3250000000000455e-7,-0.006837003450379136,
3.3275000000000456e-7,-0.006940114909743283,
3.330000000000046e-7,-0.007039874599334435,
3.332500000000046e-7,-0.007136234304482091,
3.335000000000046e-7,-0.007229147454761277,
3.3375000000000464e-7,-0.007318569146491362,
3.3400000000000466e-7,-0.007404456164426003,
3.342500000000047e-7,-0.007486767002631837,
3.345000000000047e-7,-0.007565461884535295,
3.347500000000047e-7,-0.007640502782135243,
3.3500000000000473e-7,-0.0077118534343700185,
3.3525000000000475e-7,-0.007779479364630496,
3.3550000000000477e-7,-0.007843347897409111,
3.357500000000048e-7,-0.007903428174077005,
3.360000000000048e-7,-0.007959691167785984,
3.3625000000000483e-7,-0.00801210969748093,
3.3650000000000485e-7,-0.008060658441022018,
3.3675000000000486e-7,-0.008105313947407598,
3.370000000000049e-7,-0.008146054648091343,
3.372500000000049e-7,-0.008182860867390227,
3.375000000000049e-7,-0.008215714831977503,
3.3775000000000494e-7,-0.008244600679453835,
3.3800000000000496e-7,-0.008269504465997984,
3.38250000000005e-7,-0.008290414173085679,
3.38500000000005e-7,-0.00830731971328156,
3.38750000000005e-7,-0.008320212935095014,
3.3900000000000503e-7,-0.008329087626900048,
3.3925000000000505e-7,-0.008333939519919628,
3.3950000000000507e-7,-0.008334766290267533,
3.397500000000051e-7,-0.008331567560052797,
3.400000000000051e-7,-0.008324344897541532,
3.4025000000000513e-7,-0.008313101816377892,
3.4050000000000515e-7,-0.008297843773867152,
3.4075000000000517e-7,-0.008278578168314867,
3.410000000000052e-7,-0.008255314335432836,
3.412500000000052e-7,-0.008228063543803111,
3.415000000000052e-7,-0.00819683898941302,
3.4175000000000524e-7,-0.008161655789253751,
3.4200000000000526e-7,-0.00812253097399437,
3.422500000000053e-7,-0.008079483479728181,
3.425000000000053e-7,-0.008032534138798663,
3.427500000000053e-7,-0.007981705669710229,
3.4300000000000533e-7,-0.007927022666124831,
3.4325000000000535e-7,-0.00786851158495563,
3.4350000000000537e-7,-0.007806200733556106,
3.437500000000054e-7,-0.007740120256018829,
3.440000000000054e-7,-0.007670302118583009,
3.4425000000000543e-7,-0.007596780094164099,
3.4450000000000545e-7,-0.007519589746008847,
3.4475000000000547e-7,-0.0074387684104855216,
3.450000000000055e-7,-0.007354355179017449,
3.452500000000055e-7,-0.007266390879167473,
3.455000000000055e-7,-0.0071749180548849375,
3.4575000000000554e-7,-0.007079980945922458,
3.4600000000000556e-7,-0.006981625466432225,
3.462500000000056e-7,-0.006879899182755845,
3.465000000000056e-7,-0.0067748512904125665,
3.467500000000056e-7,-0.0066665325903035,
3.4700000000000564e-7,-0.006554995464137152,
3.4725000000000565e-7,-0.006440293849093985,
3.4750000000000567e-7,-0.006322483211736964,
3.477500000000057e-7,-0.006201620521185125,
3.480000000000057e-7,-0.006077764221559887,
3.4825000000000573e-7,-0.005950974203719405,
3.4850000000000575e-7,-0.005821311776293656,
3.4875000000000577e-7,-0.005688839636035492,
3.490000000000058e-7,-0.005553621837499461,
3.492500000000058e-7,-0.005415723762066309,
3.495000000000058e-7,-0.005275212086325867,
3.4975000000000584e-7,-0.005132154749834003,
3.5000000000000586e-7,-0.004986620922260534,
3.502500000000059e-7,-0.004838680969941852,
3.505000000000059e-7,-0.0046884064218560995,
3.507500000000059e-7,-0.004535869935037575,
3.5100000000000594e-7,-0.004381145259444418,
3.5125000000000595e-7,-0.004224307202300785,
3.5150000000000597e-7,-0.004065431591926771,
3.51750000000006e-7,-0.0039045952410762482,
3.52000000000006e-7,-0.003741875909798648,
3.5225000000000603e-7,-0.0035773522678442886,
3.5250000000000605e-7,-0.0034111038566294752,
3.5275000000000607e-7,-0.0032432110507814665,
3.530000000000061e-7,-0.003073755019281611,
3.532500000000061e-7,-0.0029028176862234516,
3.535000000000061e-7,-0.00273048169120835,
3.5375000000000614e-7,-0.002556830349395232,
3.5400000000000616e-7,-0.0023819476112230597,
3.542500000000062e-7,-0.002205918021828325,
3.545000000000062e-7,-0.0020288266801759213,
3.547500000000062e-7,-0.0018507591979212447,
3.5500000000000624e-7,-0.0016718016580262274,
3.5525000000000625e-7,-0.0014920405731484957,
3.555000000000063e-7,-0.0013115628438218122,
3.557500000000063e-7,-0.001130455716452266,
3.560000000000063e-7,-0.0009488067411448986,
3.5625000000000633e-7,-0.0007667037293863716,
3.5650000000000635e-7,-0.0005842347116014809,
3.5675000000000637e-7,-0.00040148789460346256,
3.570000000000064e-7,-0.00021855161896103777,
3.572500000000064e-7,-0.000035514316300313705,
3.575000000000064e-7,0.00014753553343538082,
3.5775000000000644e-7,0.00033050944474964487,
3.5800000000000646e-7,0.0005133189693581472,
3.582500000000065e-7,0.000695875738935923,
3.585000000000065e-7,0.0008780915078244607,
3.587500000000065e-7,0.0010598781956797716,
3.5900000000000654e-7,0.0012411479300382133,
3.5925000000000656e-7,0.0014218130887829702,
3.595000000000066e-7,0.0016017863424874176,
3.597500000000066e-7,0.001780980696616564,
3.600000000000066e-7,0.0019593095335662543,
3.6025000000000663e-7,0.0021366866545181875,
3.6050000000000665e-7,0.0023130263210927636,
3.6075000000000667e-7,0.0024882432967782164,
3.610000000000067e-7,0.002662252888115192,
3.612500000000067e-7,0.002834970985619148,
3.615000000000067e-7,0.003006314104418576,
3.6175000000000674e-7,0.003176199424590672,
3.6200000000000676e-7,0.003344544831173118,
3.622500000000068e-7,0.003511268953835649,
3.625000000000068e-7,0.003676291206189758,
3.627500000000068e-7,0.003839531824716216,
3.6300000000000684e-7,0.004000911907295126,
3.6325000000000686e-7,0.004160353451317984,
3.635000000000069e-7,0.004317779391360989,
3.637500000000069e-7,0.004473113636405571,
3.640000000000069e-7,0.004626281106583268,
3.6425000000000693e-7,0.004777207769431109,
3.6450000000000695e-7,0.00492582067563669,
3.6475000000000697e-7,0.005072047994256534,
3.65000000000007e-7,0.005215819047389955,
3.65250000000007e-7,0.00535706434429253,
3.65500000000007e-7,0.005495715614908691,
3.6575000000000704e-7,0.0056317058428108704,
3.6600000000000706e-7,0.005764969297525567,
3.662500000000071e-7,0.005895441566230122,
3.665000000000071e-7,0.0060230595848044,
3.667500000000071e-7,0.006147761668221738,
3.6700000000000714e-7,0.006269487540259476,
3.6725000000000716e-7,0.0063881783625177185,
3.675000000000072e-7,0.006503776762724362,
3.677500000000072e-7,0.006616226862314253,
3.680000000000072e-7,0.006725474303262279,
3.6825000000000723e-7,0.006831466274154194,
3.6850000000000725e-7,0.006934151535475744,
3.6875000000000727e-7,0.007033480444101141,
3.690000000000073e-7,0.007129404976958337,
3.692500000000073e-7,0.0072218787538488845,
3.695000000000073e-7,0.007310857059393413,
3.6975000000000734e-7,0.007396296864072108,
3.7000000000000736e-7,0.007478156844324451,
3.702500000000074e-7,0.0075563974016582755,
3.705000000000074e-7,0.00763098068071494,
3.707500000000074e-7,0.007701870586215255,
3.7100000000000744e-7,0.007769032798690043,
3.7125000000000746e-7,0.007832434788872139,
3.715000000000075e-7,0.007892045830578589,
3.717500000000075e-7,0.007947837011854942,
3.720000000000075e-7,0.007999781244068227,
3.7225000000000753e-7,0.008047853268513002,
3.7250000000000755e-7,0.008092029659921837,
3.7275000000000757e-7,0.008132288826021485,
3.730000000000076e-7,0.00816861100190925,
3.732500000000076e-7,0.008200978237480023,
3.735000000000076e-7,0.00822937437532336,
3.7375000000000764e-7,0.008253785015264728,
3.7400000000000766e-7,0.008274197459777557,
3.742500000000077e-7,0.008290600631374885,
3.745000000000077e-7,0.008302984947906582,
3.747500000000077e-7,0.008311342132744775,
3.7500000000000774e-7,0.008315664920640838,
3.7525000000000776e-7,0.008315689763512013,
3.755000000000078e-7,0.008310573042587546,
3.757500000000078e-7,0.008301398590488956,
3.760000000000078e-7,0.008288066719476489,
3.7625000000000783e-7,0.00827019465804307,
3.7650000000000785e-7,0.008247462930671223,
3.7675000000000787e-7,0.008219426145580177,
3.770000000000079e-7,0.008185283453372456,
3.772500000000079e-7,0.008142718218252729,
3.7750000000000793e-7,0.00804025232318441,
3.7775000000000795e-7,-0.03708864117539558,
3.7800000000000796e-7,-0.028275602153467905,
3.78250000000008e-7,-0.02234796329278048,
3.78500000000008e-7,-0.0180352749590379,
3.78750000000008e-7,-0.014728152432909983,
3.7900000000000804e-7,-0.012128481792164364,
3.7925000000000806e-7,-0.010067857371668565,
3.795000000000081e-7,-0.00843704413542227,
3.797500000000081e-7,-0.0071564189526070335,
3.800000000000081e-7,-0.006162781467676068,
3.8025000000000813e-7,-0.005402090953268542,
3.8050000000000815e-7,-0.00482546145123345,
3.8075000000000817e-7,-0.004387451833771454,
3.810000000000082e-7,-0.004046316025085684,
3.812500000000082e-7,-0.0037655265745770118,
3.8150000000000823e-7,-0.0035157873197533907,
3.8175000000000825e-7,-0.003276229896334424,
3.8200000000000826e-7,-0.0030344873230030416,
3.822500000000083e-7,-0.002785631253673882,
3.825000000000083e-7,-0.0025302674198149078,
3.827500000000083e-7,-0.0022724476249296795,
3.8300000000000834e-7,-0.0020177907805854563,
3.8325000000000836e-7,-0.0017720573389319984,
3.835000000000084e-7,-0.0015402330606395448,
3.837500000000084e-7,-0.0013260604631514673,
3.840000000000084e-7,-0.0011319052492752776,
3.8425000000000843e-7,-0.0009588407496006739,
3.8450000000000845e-7,-0.0008068537959963635,
3.8475000000000847e-7,-0.0006750997158540495,
3.850000000000085e-7,-0.0005621604681484795,
3.852500000000085e-7,-0.00046627538768154685,
3.8550000000000853e-7,-0.00038552985326686636,
3.8575000000000855e-7,-0.00031799708084135925,
3.8600000000000857e-7,-0.0002618356276003992,
3.862500000000086e-7,-0.0002153494014990308,
3.865000000000086e-7,-0.00017701857995893714,
3.867500000000086e-7,-0.00014550964239519286,
3.8700000000000864e-7,-0.0001196715328535797,
3.8725000000000866e-7,-0.00009852342986718809,
3.875000000000087e-7,-0.00008123810489874623,
3.877500000000087e-7,-0.00006712358697762384,
3.880000000000087e-7,-0.00005560487310919763,
3.8825000000000873e-7,-0.00004620671369460593,
3.8850000000000875e-7,-0.000038538012395059327,
3.8875000000000877e-7,-0.00003227805810884155,
3.890000000000088e-7,-0.000027164606258855685,
3.892500000000088e-7,-0.00002298371000636602,
3.8950000000000883e-7,-0.000019561141273902446,
3.8975000000000885e-7,-0.000016755216534143966,
3.9000000000000887e-7,-0.00001445083930309343,
3.902500000000089e-7,-0.0000125545809563355,
3.905000000000089e-7,-0.000010990636574605857,
3.907500000000089e-7,-0.000009697516263846147,
3.9100000000000894e-7,-0.000008625338715280446,
3.9125000000000896e-7,-0.000007733632349620803,
3.91500000000009e-7,-0.000006989545869920526,
3.91750000000009e-7,-0.000006366396948446057,
3.92000000000009e-7,-0.000005842496316666802,
3.9225000000000903e-7,-0.000005400195988515934,
3.9250000000000905e-7,-0.000005025119503520532,
3.9275000000000907e-7,-0.000004705539735264098,
3.930000000000091e-7,-0.000004431876162271495,
3.932500000000091e-7,-0.000004196288736212927,
3.9350000000000913e-7,-0.00000399234979259845,
3.9375000000000915e-7,-0.000003814778966226704,
3.9400000000000917e-7,-0.000003659228950416302,
3.942500000000092e-7,-0.0000035221122678755,
3.945000000000092e-7,-0.000003400461120030951,
3.947500000000092e-7,-0.0000032918139189154426,
3.9500000000000924e-7,-0.000003194123336800363,
3.9525000000000926e-7,-0.0000031056817225088497,
3.955000000000093e-7,-0.000003025060532868093,
3.957500000000093e-7,-0.000002951061084071377,
3.960000000000093e-7,-0.0000028826744541297343,
3.9625000000000934e-7,-0.0000028190487735054252,
3.9650000000000935e-7,-0.000002759462515961034,
3.9675000000000937e-7,-0.0000027033026331370035,
3.970000000000094e-7,-0.0000026500466301392365,
3.972500000000094e-7,-0.0000025992478348661646,
3.9750000000000943e-7,-0.0000025505232677529663,
3.9775000000000945e-7,-0.000002503543630891783,
3.9800000000000947e-7,-0.000002458025023142987,
3.982500000000095e-7,-0.0000024137220673467943,
3.985000000000095e-7,-0.0000023704221947249205,
3.987500000000095e-7,-0.000002327940875702502,
3.9900000000000954e-7,-0.000002286117631450508,
3.9925000000000956e-7,-0.0000022448126873850905,
3.995000000000096e-7,-0.000002203904156329227,
3.997500000000096e-7,-0.000002163285662360347,
4.000000000000096e-7,-0.000002122864325574107,
4.0025000000000964e-7,-0.0000020825590528403417,
4.0050000000000965e-7,-0.0000020422990795125867,
4.0075000000000967e-7,-0.0000020020227232995888,
4.010000000000097e-7,-0.0000019616763142460775,
4.012500000000097e-7,-0.0000019212132747956972,
4.0150000000000973e-7,-0.0000018805933248599288,
4.0175000000000975e-7,-0.0000018397817936899683,
4.0200000000000977e-7,-0.0000017987490217897266,
4.022500000000098e-7,-0.0000017574698384005377,
4.025000000000098e-7,-0.0000017159231065928427,
4.027500000000098e-7,-0.000001674091322247489,
4.0300000000000984e-7,-0.0000016319602631620723,
4.0325000000000986e-7,-0.000001589518677800477,
4.035000000000099e-7,-0.0000015467580097110816,
4.037500000000099e-7,-0.0000015036721540689526,
4.040000000000099e-7,-0.0000014602572405855163,
4.0425000000000994e-7,-0.00000141651143919661,
4.0450000000000995e-7,-0.0000013724347857710978,
4.0475000000001e-7,-0.0000013280290275516514,
4.0500000000001e-7,-0.0000012832974817715565,
4.0525000000001e-7,-0.0000012382449088797194,
4.0550000000001003e-7,-0.0000011928773983630525,
4.0575000000001005e-7,-0.0000011472022649620204,
4.0600000000001007e-7,-0.0000011012279528859684,
4.062500000000101e-7,-0.0000010549639504542538,
4.065000000000101e-7,-0.0000010084207111175144,
4.067500000000101e-7,-9.61609580539908e-7,
4.0700000000001014e-7,-9.145427305052977e-7,
4.0725000000001016e-7,-8.672330963896744e-7,
4.075000000000102e-7,-8.196943217155182e-7,
4.077500000000102e-7,-7.719407070560155e-7,
4.080000000000102e-7,-7.239871564079378e-7,
4.0825000000001024e-7,-6.758491374742685e-7,
4.0850000000001026e-7,-6.275426360596175e-7,
4.087500000000103e-7,-5.790841166691627e-7,
4.090000000000103e-7,-5.304904856840858e-7,
4.092500000000103e-7,-4.817790572914362e-7,
4.0950000000001033e-7,-4.3296751951365035e-7,
4.0975000000001035e-7,-3.840739029193598e-7,
4.1000000000001037e-7,-3.351165524335525e-7,
4.102500000000104e-7,-2.861140978704101e-7,
4.105000000000104e-7,-2.3708542871965266e-7,
4.107500000000104e-7,-1.88049668624287e-7,
4.1100000000001044e-7,-1.3902614991414498e-7,
4.1125000000001046e-7,-9.003439258212411e-8,
4.115000000000105e-7,-4.1094080977111006e-8,
4.117500000000105e-7,7.774957432203723e-9,
4.120000000000105e-7,5.6552771826458676e-8,
4.1225000000001054e-7,1.05219308025764e-7,
4.1250000000001056e-7,1.5375442797162554e-7,
4.127500000000106e-7,2.0213792742313076e-7,
4.130000000000106e-7,2.5034955259946685e-7,
4.132500000000106e-7,2.9836902037364744e-7,
4.1350000000001063e-7,3.4617603059446217e-7,
4.1375000000001065e-7,3.9375028613926097e-7,
4.1400000000001067e-7,4.410715069160765e-7,
4.142500000000107e-7,4.881194435528636e-7,
4.145000000000107e-7,5.348738956860474e-7,
4.147500000000107e-7,5.813147229597182e-7,
4.1500000000001074e-7,6.274218614418936e-7,
4.1525000000001076e-7,6.731753358113003e-7,
4.155000000000108e-7,7.185552737488856e-7,
4.157500000000108e-7,7.635419191367466e-7,
4.160000000000108e-7,8.081156429472094e-7,
4.1625000000001084e-7,8.522569578805636e-7,
4.1650000000001086e-7,8.959465302474894e-7,
4.167500000000109e-7,9.391651901289735e-7,
4.170000000000109e-7,9.818939452969586e-7,
4.172500000000109e-7,0.000001024113990961515,
4.1750000000001093e-7,0.000001065806721897619,
4.1775000000001095e-7,0.0000011069537428095944,
4.1800000000001097e-7,0.0000011475368786483044,
4.18250000000011e-7,0.0000011875381864230496,
4.18500000000011e-7,0.000001226939963508714,
4.18750000000011e-7,0.0000012657247584991108,
4.1900000000001104e-7,0.0000013038753824991694,
4.1925000000001106e-7,0.0000013413749148845695,
4.195000000000111e-7,0.0000013782067165768053,
4.197500000000111e-7,0.0000014143544364028995,
4.200000000000111e-7,0.0000014498020211827585,
4.2025000000001114e-7,0.0000014845337233567738,
4.2050000000001116e-7,0.0000015185341113257294,
4.207500000000112e-7,0.0000015517880759043514,
4.210000000000112e-7,0.000001584280838605048,
4.212500000000112e-7,0.000001615997959298675,
4.2150000000001123e-7,0.0000016469253445730069,
4.2175000000001125e-7,0.0000016770492541762696,
4.2200000000001127e-7,0.0000017063563089120702,
4.222500000000113e-7,0.0000017348334973691532,
4.225000000000113e-7,0.0000017624681810105531,
4.227500000000113e-7,0.0000017892481044302141,
4.2300000000001134e-7,0.0000018151613965982604,
4.2325000000001136e-7,0.0000018401965809563593,
4.235000000000114e-7,0.0000018643425794549427,
4.237500000000114e-7,0.0000018875887195444512,
4.240000000000114e-7,0.00000190992473637033,
4.2425000000001144e-7,0.0000019313407819454964,
4.2450000000001146e-7,0.0000019518274277815045,
4.247500000000115e-7,0.000001971375669218502,
4.250000000000115e-7,0.000001989976932097009,
4.252500000000115e-7,0.000002007623075303767,
4.2550000000001153e-7,0.0000020243063944238103,
4.2575000000001155e-7,0.000002040019627183669,
4.2600000000001157e-7,0.000002054755956735646,
4.262500000000116e-7,0.0000020685090133680762,
4.265000000000116e-7,0.0000020812728798641467,
4.2675000000001163e-7,0.0000020930420943030554,
4.2700000000001165e-7,0.0000021038116497046745,
4.2725000000001166e-7,0.0000021135769998107936,
4.275000000000117e-7,0.000002122334061667521,
4.277500000000117e-7,0.000002130079214550923,
4.280000000000117e-7,0.0000021368093046065564,
4.2825000000001174e-7,0.000002142521643975322,
4.2850000000001176e-7,0.0000021472140158555677,
4.287500000000118e-7,0.000002150884671441571,
4.290000000000118e-7,0.000002153532333008747,
4.292500000000118e-7,0.0000021551561955317607,
4.2950000000001183e-7,0.0000021557559247963007,
4.2975000000001185e-7,0.00000215533165825441,
4.3000000000001187e-7,0.0000021538840067744406,
4.302500000000119e-7,0.00000215141405293693,
4.305000000000119e-7,0.000002147923350604792,
4.3075000000001193e-7,0.00000214341392406844,
4.3100000000001195e-7,0.000002137888268379192,
4.3125000000001196e-7,0.000002131349346653508,
4.31500000000012e-7,0.0000021238005907847677,
4.31750000000012e-7,0.0000021152458968704375,
4.32000000000012e-7,0.000002105689626622841,
4.3225000000001204e-7,0.0000020951366036824057,
4.3250000000001206e-7,0.000002083592111185602,
4.327500000000121e-7,0.000002071061890007069,
4.330000000000121e-7,0.0000020575521360558165,
4.332500000000121e-7,0.000002043119126764516,
4.3350000000001213e-7,0.0000020276089163349897,
4.3375000000001215e-7,0.0000020112541864882494,
4.3400000000001217e-7,0.000001993839073733312,
4.342500000000122e-7,0.000001975592280921012,
4.345000000000122e-7,0.000001956305152613266,
4.3475000000001223e-7,0.0000019362010530133968,
4.3500000000001225e-7,0.000001915078608620459,
4.3525000000001227e-7,0.000001893155646096612,
4.355000000000123e-7,0.0000018704135981533025,
4.357500000000123e-7,0.0000018464537201165236,
4.360000000000123e-7,0.000001821891567855806,
4.3625000000001234e-7,0.0000017965371442309413,
4.3650000000001236e-7,0.0000017703879853875628,
4.367500000000124e-7,0.0000017434430917149482,
4.370000000000124e-7,0.0000017146849927489083,
4.372500000000124e-7,0.0000016859985501869472,
4.3750000000001243e-7,0.000001656562972968196,
4.3775000000001245e-7,0.0000016365819618429634,
4.3800000000001247e-7,0.0000015933779555301099,
4.382500000000125e-7,0.0000015619928391786647,
4.385000000000125e-7,0.0000015287160781892961,
4.3875000000001253e-7,0.0000014958411414261516,
4.3900000000001255e-7,0.0000014622143150762727,
4.3925000000001257e-7,0.0000014275706943665381,
4.395000000000126e-7,0.0000013924022644973677,
4.397500000000126e-7,0.0000013564600423895745,
4.400000000000126e-7,0.0000013199152254052927,
4.4025000000001264e-7,0.0000012826538160125371,
4.4050000000001266e-7,0.0000012448353226281469,
4.407500000000127e-7,0.000001206350035130415,
4.410000000000127e-7,0.000001167348671201569,
4.412500000000127e-7,0.0000011277270272620592,
4.4150000000001273e-7,0.0000010876026202441193,
4.4175000000001275e-7,0.0000010469598902230357,
4.4200000000001277e-7,0.0000010058200994105634,
4.422500000000128e-7,9.642038234672494e-7,
4.425000000000128e-7,9.22131581661589e-7,
4.4275000000001283e-7,8.796239020449196e-7,
4.4300000000001285e-7,8.367013556165616e-7,
4.4325000000001287e-7,7.93384584849755e-7,
4.435000000000129e-7,7.496943199653713e-7,
4.437500000000129e-7,7.056513917305477e-7,
4.440000000000129e-7,6.612767378421002e-7,
4.4425000000001294e-7,6.165914057821695e-7,
4.4450000000001296e-7,5.716165527347407e-7,
4.44750000000013e-7,5.263734449432672e-7,
4.45000000000013e-7,4.808834528457571e-7,
4.45250000000013e-7,4.3516804388523217e-7,
4.4550000000001304e-7,3.892487796702537e-7,
4.4575000000001305e-7,3.431473057644066e-7,
4.4600000000001307e-7,2.9688534566121685e-7,
4.462500000000131e-7,2.504846915382142e-7,
4.465000000000131e-7,2.0396719567017946e-7,
4.4675000000001313e-7,1.5735476057161282e-7,
4.4700000000001315e-7,1.1066933086268014e-7,
4.4725000000001317e-7,6.393288378209266e-8,
4.475000000000132e-7,1.7167417568545188e-8,
4.477500000000132e-7,-2.9605056138594953e-8,
4.480000000000132e-7,-7.636252350024496e-8,
4.4825000000001324e-7,-1.2308297797768104e-7,
4.4850000000001326e-7,-1.6974443015755823e-7,
4.487500000000133e-7,-2.1632491947456598e-7,
4.490000000000133e-7,-2.6280252060204014e-7,
4.492500000000133e-7,-3.091553571194509e-7,
4.4950000000001334e-7,-3.553616102418489e-7,
4.4975000000001335e-7,-4.0139952935904373e-7,
4.5000000000001337e-7,-4.4724744044081073e-7,
4.502500000000134e-7,-4.928837570187604e-7,
4.505000000000134e-7,-5.382869915348276e-7,
4.5075000000001343e-7,-5.834357638371324e-7,
4.5100000000001345e-7,-6.283088104975072e-7,
4.5125000000001347e-7,-6.728849954300553e-7,
4.515000000000135e-7,-7.171433218384789e-7,
4.517500000000135e-7,-7.610629368534033e-7,
4.520000000000135e-7,-8.046231458091366e-7,
4.5225000000001354e-7,-8.47803420715186e-7,
4.5250000000001356e-7,-8.905834081600036e-7,
4.527500000000136e-7,-9.329429404019483e-7,
4.530000000000136e-7,-9.748620437377475e-7,
4.532500000000136e-7,-0.0000010163209493152462,
4.5350000000001364e-7,-0.0000010573001007902957,
4.5375000000001366e-7,-0.0000010977801631325918,
4.540000000000137e-7,-0.0000011377420338710347,
4.542500000000137e-7,-0.0000011771668492751013,
4.545000000000137e-7,-0.0000012160359959619288,
4.5475000000001373e-7,-0.0000012543311168976684,
4.5500000000001375e-7,-0.0000012920341213846917,
4.5525000000001377e-7,-0.0000013291271932895669,
4.555000000000138e-7,-0.0000013655927992495996,
4.557500000000138e-7,-0.00000140141369740369,
4.560000000000138e-7,-0.000001436572943925219,
4.5625000000001384e-7,-0.0000014710539038782598,
4.5650000000001386e-7,-0.000001504840255618987,
4.567500000000139e-7,-0.0000015379160006247128,
4.570000000000139e-7,-0.000001570265470824468,
4.572500000000139e-7,-0.0000016018733348074326,
4.5750000000001394e-7,-0.0000016327246065144617,
4.5775000000001396e-7,-0.0000016628046511349044,
4.58000000000014e-7,-0.0000016920991925573795,
4.58250000000014e-7,-0.0000017205943201720703,
4.58500000000014e-7,-0.0000017482764953115038,
4.5875000000001403e-7,-0.0000017751325573109204,
4.5900000000001405e-7,-0.0000018011497307632038,
4.5925000000001407e-7,-0.0000018263156302332584,
4.595000000000141e-7,-0.0000018506182673687382,
4.597500000000141e-7,-0.000001874046055895062,
4.600000000000141e-7,-0.0000018965878179387524,
4.6025000000001414e-7,-0.0000019182327872408946,
4.6050000000001416e-7,-0.000001938970617891729,
4.607500000000142e-7,-0.0000019587913856735536,
4.610000000000142e-7,-0.0000019776855950607277,
4.612500000000142e-7,-0.0000019956441840140127,
4.6150000000001424e-7,-0.0000020126585261150897,
4.6175000000001426e-7,-0.0000020287204373723414,
4.620000000000143e-7,-0.000002043822179486436,
4.622500000000143e-7,-0.0000020579564613612036,
4.625000000000143e-7,-0.0000020711164472050265,
4.6275000000001433e-7,-0.0000020832957549292588,
4.6300000000001435e-7,-0.000002094488463489839,
4.6325000000001437e-7,-0.0000021046891134512163,
4.635000000000144e-7,-0.0000021138927100533997,
4.637500000000144e-7,-0.0000021220947273071778,
4.640000000000144e-7,-0.000002129291108223602,
4.6425000000001444e-7,-0.000002135478268176778,
4.6450000000001446e-7,-0.0000021406530971492062,
4.647500000000145e-7,-0.0000021448129606897095,
4.650000000000145e-7,-0.0000021479557008272,
4.652500000000145e-7,-0.000002150079639058998,
4.6550000000001454e-7,-0.0000021511835768691096,
4.6575000000001456e-7,-0.000002151266794970535,
4.660000000000146e-7,-0.000002150329056112994,
4.662500000000146e-7,-0.000002148370605028723,
4.665000000000146e-7,-0.0000021453921666734822,
4.6675000000001463e-7,-0.0000021413949490797818,
4.6700000000001465e-7,-0.000002136380641519606,
4.6725000000001467e-7,-0.000002130351413995462,
4.675000000000147e-7,-0.0000021233099169309773,
4.677500000000147e-7,-0.000002115259281350215,
4.680000000000147e-7,-0.000002106203114320606,
4.6825000000001474e-7,-0.000002096145501851164,
4.6850000000001476e-7,-0.0000020850910055218956,
4.687500000000148e-7,-0.000002073044659914046,
4.690000000000148e-7,-0.000002060011971950217,
4.692500000000148e-7,-0.000002045998917679457,
4.6950000000001484e-7,-0.0000020310119415366683,
4.6975000000001486e-7,-0.0000020150579512250647,
4.700000000000149e-7,-0.000001998144317664379,
4.702500000000149e-7,-0.0000019802788694868244,
4.705000000000149e-7,-0.0000019614698918192248,
4.7075000000001493e-7,-0.000001941726122094849,
4.7100000000001495e-7,-0.0000019210567458110622,
4.7125000000001497e-7,-0.0000018994713938843217,
4.71500000000015e-7,-0.0000018769801378740652,
4.71750000000015e-7,-0.0000018535934855523503,
4.72000000000015e-7,-0.0000018293223773152563,
4.7225000000001504e-7,-0.0000018041781812605517,
4.7250000000001506e-7,-0.0000017781726881127954,
4.727500000000151e-7,-0.0000017513181061818013,
4.730000000000151e-7,-0.0000017236270574111037,
4.732500000000151e-7,-0.0000016951125704342066,
4.7350000000001514e-7,-0.000001665788075982966,
4.7375000000001516e-7,-0.0000016356674009267506,
4.740000000000152e-7,-0.0000016047647628060263,
4.742500000000152e-7,-0.000001573094763479662,
4.745000000000152e-7,-0.000001540672383178849,
4.7475000000001523e-7,-0.0000015075129739693495,
4.7500000000001525e-7,-0.0000014736322533875434,
4.7525000000001527e-7,-0.0000014390462973887062,
4.755000000000153e-7,-0.0000014037715352092048,
4.757500000000153e-7,-0.0000013678247403769411,
4.7600000000001533e-7,-0.0000013312230243954504,
4.7625000000001535e-7,-0.0000012939838305409104,
4.7650000000001536e-7,-0.0000012561249262682305,
4.767500000000154e-7,-0.000001217664393397384,
4.770000000000154e-7,-0.0000011786206247655226,
4.772500000000154e-7,-0.0000011390123133445566,
4.775000000000154e-7,-0.0000010988584461061226,
4.777500000000155e-7,-0.000001058178295974084,
4.780000000000155e-7,-0.0000010169914128129983,
4.782500000000155e-7,-9.753176181418593e-7,
4.785000000000155e-7,-9.331769939923403e-7,
4.787500000000155e-7,-8.905898771520548e-7,
4.790000000000156e-7,-8.475768504274431e-7,
4.792500000000156e-7,-8.041587338669785e-7,
4.795000000000156e-7,-7.603565770255624e-7,
4.797500000000156e-7,-7.161916514272847e-7,
4.800000000000156e-7,-6.71685441541101e-7,
4.802500000000156e-7,-6.268596368784754e-7,
4.805000000000157e-7,-5.817361239970083e-7,
4.807500000000157e-7,-5.363369783338799e-7,
4.810000000000157e-7,-4.9068445639521e-7,
4.812500000000157e-7,-4.4480098716432555e-7,
4.815000000000157e-7,-3.9870916514018797e-7,
4.817500000000158e-7,-3.524317424468171e-7,
4.820000000000158e-7,-3.0599161995558186e-7,
4.822500000000158e-7,-2.5941184160663713e-7,
4.825000000000158e-7,-2.127155865300594e-7,
4.827500000000158e-7,-1.659261613288367e-7,
4.830000000000159e-7,-1.1906699447764743e-7,
4.832500000000159e-7,-7.216162896582529e-8,
4.835000000000159e-7,-2.5233716241078274e-8,
4.837500000000159e-7,2.169298875553652e-8,
4.840000000000159e-7,6.859463444460309e-8,
4.842500000000159e-7,1.1544727649686512e-7,
4.84500000000016e-7,1.6222688169851912e-7,
4.84750000000016e-7,2.0890933346040862e-7,
4.85000000000016e-7,2.5547043362759893e-7,
4.85250000000016e-7,3.018859052060989e-7,
4.85500000000016e-7,3.481313943043432e-7,
4.857500000000161e-7,3.941824700792985e-7,
4.860000000000161e-7,4.4001462520771247e-7,
4.862500000000161e-7,4.856032739312584e-7,
4.865000000000161e-7,5.309237486359407e-7,
4.867500000000161e-7,5.759512969226041e-7,
4.870000000000162e-7,6.206610739200088e-7,
4.872500000000162e-7,6.650281355524901e-7,
4.875000000000162e-7,7.090274283789639e-7,
4.877500000000162e-7,7.526337764822796e-7,
4.880000000000162e-7,7.95821867129073e-7,
4.882500000000162e-7,8.385662323125264e-7,
4.885000000000163e-7,8.80841226670749e-7,
4.887500000000163e-7,9.226210021909712e-7,
4.890000000000163e-7,9.63879477287224e-7,
4.892500000000163e-7,0.000001004590302455485,
4.895000000000163e-7,0.0000010447268175757428,
4.897500000000164e-7,0.000001084262003218486,
4.900000000000164e-7,0.0000011231684255985186,
4.902500000000164e-7,0.000001161418169502277,
4.905000000000164e-7,0.0000011989827627141123,
4.907500000000164e-7,0.0000012358330873066326,
4.910000000000165e-7,0.0000012719392753953483,
4.912500000000165e-7,0.0000013072705896259028,
4.915000000000165e-7,0.000001341795283278416,
4.917500000000165e-7,0.0000013754804353875774,
4.920000000000165e-7,0.000001408291760443955,
4.922500000000165e-7,0.0000014401933829862878,
4.925000000000166e-7,0.0000014711475741416016,
4.927500000000166e-7,0.000001501114440632764,
4.930000000000166e-7,0.0000015300515580711861,
4.932500000000166e-7,0.0000015579135338810638,
4.935000000000166e-7,0.0000015846514908527287,
4.937500000000167e-7,0.0000016102124463973092,
4.940000000000167e-7,0.0000016345385709035484,
4.942500000000167e-7,0.0000016575662923285977,
4.945000000000167e-7,0.0000016792252133402693,
4.947500000000167e-7,0.0000016994367923228176,
4.950000000000168e-7,0.000001718112731104891,
4.952500000000168e-7,0.0000017351529890307155,
4.955000000000168e-7,0.0000017504433234843897,
4.957500000000168e-7,0.00000176385222438833,
4.960000000000168e-7,0.0000017752270611762788,
4.962500000000168e-7,0.0000017843892069469956,
4.965000000000169e-7,0.0000017911278139873358,
4.967500000000169e-7,0.0000017951917949742262,
4.970000000000169e-7,0.0000017962793920178295,
4.972500000000169e-7,0.0000017940244632925853,
4.975000000000169e-7,0.000001787978244599896,
4.97750000000017e-7,0.0000017775847843998425,
4.98000000000017e-7,0.00000176214740188079,
4.98250000000017e-7,0.000001740782178966617,
4.98500000000017e-7,0.000001712352389243239,
4.98750000000017e-7,0.0000016753742993777258,
4.990000000000171e-7,0.0000016278789884477225,
4.992500000000171e-7,0.0000015672048108347773,
4.995000000000171e-7,0.0000014896772346933525,
4.997500000000171e-7,0.000001390099536417466,
